Word Spacing,Pen Pressure_LOW,Baseline_DESCENDING,Baseline_STRAIGHT,Word Size_NORMAL,Word Size_SMALL,Emotion,Attention,Optimism
336,1,0,1,0,1,1,0,1
41,1,0,1,0,1,1,0,1
318,0,0,1,0,1,0,0,1
775,1,0,1,0,1,1,0,1
66,1,0,1,0,0,1,2,1
434,1,0,1,0,0,1,2,1
199,1,0,1,0,1,1,0,1
404,0,0,1,1,0,0,1,1
272,1,0,1,1,0,1,1,1
86,0,0,1,0,1,0,0,1
48,0,0,1,0,1,0,0,1
43,1,0,1,0,0,1,2,1
335,0,0,1,0,1,0,0,1
324,0,0,1,0,1,0,0,1
265,1,0,1,1,0,1,1,1
241,1,0,1,0,1,1,0,1
388,1,0,1,0,1,1,0,1
492,0,1,0,0,1,0,0,0
306,1,0,1,1,0,1,1,1
864,1,0,1,0,1,1,0,1
275,0,0,1,0,0,0,2,1
382,0,0,1,0,1,0,0,1
433,1,1,0,0,1,1,0,0
370,1,0,0,1,0,1,1,2
390,0,0,1,0,1,0,0,1
437,1,0,0,1,0,1,1,2
537,1,0,1,0,1,1,0,1
271,0,0,1,0,0,0,2,1
308,1,0,1,0,0,1,2,1
124,0,0,1,0,0,0,2,1
187,0,0,1,0,1,0,0,1
379,0,0,1,0,1,0,0,1
228,1,0,1,1,0,1,1,1
275,0,0,1,0,0,0,2,1
233,1,0,1,0,1,1,0,1
425,1,0,1,1,0,1,1,1
382,1,0,1,0,0,1,2,1
413,1,0,1,0,1,1,0,1
368,0,0,1,0,0,0,2,1
398,1,0,1,1,0,1,1,1
367,0,0,1,0,0,0,2,1
389,1,0,1,0,0,1,2,1
339,0,0,1,0,1,0,0,1
89,1,0,0,0,0,1,2,2
423,1,1,0,0,1,1,0,0
301,1,0,1,1,0,1,1,1
262,1,0,1,0,1,1,0,1
398,0,0,1,0,1,0,0,1
423,1,1,0,0,1,1,0,0
253,1,0,0,1,0,1,1,2
558,1,0,1,0,1,1,0,1
389,1,0,1,0,1,1,0,1
401,0,0,1,0,1,0,0,1
479,1,0,1,0,1,1,0,1
405,1,1,0,0,1,1,0,0
503,1,0,1,1,0,1,1,1
465,1,0,1,0,1,1,0,1
431,0,0,1,1,0,0,1,1
106,0,0,1,0,1,0,0,1
200,1,1,0,0,1,1,0,0
331,1,0,1,0,0,1,2,1
90,1,0,1,0,1,1,0,1
425,1,0,1,0,0,1,2,1
375,1,0,1,1,0,1,1,1
57,1,0,1,1,0,1,1,1
162,0,0,1,1,0,0,1,1
349,1,0,1,0,0,1,2,1
304,1,0,1,1,0,1,1,1
167,0,0,1,0,1,0,0,1
270,1,0,1,0,1,1,0,1
83,0,1,0,0,0,0,2,0
260,0,0,1,0,1,0,0,1
247,1,1,0,0,1,1,0,0
228,0,1,0,1,0,0,1,0
400,1,0,0,0,1,1,0,2
155,0,0,1,0,1,0,0,1
407,1,0,1,1,0,1,1,1
182,0,0,1,0,0,0,2,1
727,1,0,1,0,0,1,2,1
365,1,0,1,0,1,1,0,1
371,0,0,1,0,0,0,2,1
69,1,0,1,0,1,1,0,1
466,0,0,1,0,1,0,0,1
365,1,0,1,0,1,1,0,1
107,1,0,1,0,1,1,0,1
151,1,0,1,0,1,1,0,1
157,0,0,0,0,1,0,0,2
316,1,0,1,0,0,1,2,1
32,0,1,0,1,0,0,1,0
592,0,0,1,0,1,0,0,1
400,1,0,1,0,0,1,2,1
385,1,1,0,0,1,1,0,0
835,1,0,0,1,0,1,1,2
551,1,0,1,0,1,1,0,1
702,0,0,0,0,1,0,0,2
331,1,0,1,0,1,1,0,1
74,0,0,1,1,0,0,1,1
205,1,0,1,1,0,1,1,1
307,0,0,1,0,1,0,0,1
366,1,0,1,1,0,1,1,1
292,0,0,1,0,1,0,0,1
410,1,0,1,0,1,1,0,1
340,0,0,1,0,0,0,2,1
630,1,0,1,0,1,1,0,1
102,1,0,1,0,1,1,0,1
274,0,1,0,0,0,0,2,0
335,1,0,1,0,1,1,0,1
375,1,0,1,0,0,1,2,1
133,1,0,1,0,0,1,2,1
183,1,0,1,0,1,1,0,1
216,0,1,0,0,1,0,0,0
272,1,0,1,0,0,1,2,1
384,1,0,1,0,0,1,2,1
231,1,0,1,0,1,1,0,1
64,1,0,1,1,0,1,1,1
284,1,1,0,0,1,1,0,0
411,1,1,0,1,0,1,1,0
293,1,0,1,0,1,1,0,1
683,0,0,0,1,0,0,1,2
316,1,0,1,0,1,1,0,1
367,0,0,1,0,0,0,2,1
399,1,0,1,0,1,1,0,1
329,1,0,1,0,1,1,0,1
472,1,0,1,0,0,1,2,1
125,1,0,1,0,1,1,0,1
112,0,0,1,1,0,0,1,1
296,1,0,1,0,1,1,0,1
60,1,0,1,0,1,1,0,1
389,1,0,1,0,1,1,0,1
513,1,0,1,0,0,1,2,1
509,0,1,0,0,0,0,2,0
288,0,0,1,1,0,0,1,1
401,1,1,0,0,1,1,0,0
286,1,0,1,1,0,1,1,1
438,1,1,0,0,1,1,0,0
429,0,0,1,0,0,0,2,1
200,1,0,1,0,1,1,0,1
164,0,0,1,0,1,0,0,1
250,1,0,1,0,1,1,0,1
400,0,0,1,0,1,0,0,1
348,1,0,1,0,1,1,0,1
369,1,0,1,0,1,1,0,1
195,1,0,1,0,0,1,2,1
466,0,0,1,0,1,0,0,1
167,1,0,1,0,0,1,2,1
264,1,0,1,0,1,1,0,1
329,1,0,1,0,1,1,0,1
382,0,0,1,1,0,0,1,1
404,1,1,0,0,1,1,0,0
370,1,0,1,0,1,1,0,1
367,0,0,1,0,1,0,0,1
462,0,0,1,0,1,0,0,1
228,1,0,1,0,0,1,2,1
153,0,0,1,0,1,0,0,1
415,1,0,1,1,0,1,1,1
758,0,0,1,0,1,0,0,1
371,1,0,1,1,0,1,1,1
323,0,1,0,1,0,0,1,0
364,1,0,1,0,1,1,0,1
229,1,0,1,0,1,1,0,1
296,1,0,1,0,0,1,2,1
558,1,0,1,0,1,1,0,1
252,1,0,1,0,1,1,0,1
27,1,0,1,0,0,1,2,1
386,1,1,0,0,1,1,0,0
530,0,1,0,0,1,0,0,0
404,0,0,1,0,1,0,0,1
214,1,0,1,0,1,1,0,1
391,0,1,0,0,1,0,0,0
436,1,0,1,0,1,1,0,1
349,1,0,1,0,0,1,2,1
391,0,0,1,1,0,0,1,1
358,0,1,0,0,1,0,0,0
541,1,0,1,0,0,1,2,1
450,0,0,1,0,1,0,0,1
190,0,0,1,0,1,0,0,1
356,1,0,1,1,0,1,1,1
259,1,0,1,0,1,1,0,1
192,1,0,1,0,1,1,0,1
87,1,0,1,0,1,1,0,1
498,1,0,1,0,1,1,0,1
471,1,0,1,1,0,1,1,1
279,0,0,1,1,0,0,1,1
288,1,0,1,1,0,1,1,1
448,1,0,1,0,1,1,0,1
356,0,0,1,0,1,0,0,1
477,1,0,1,0,1,1,0,1
250,1,0,1,0,1,1,0,1
422,1,0,1,1,0,1,1,1
418,0,0,1,0,1,0,0,1
487,1,0,1,0,0,1,2,1
252,0,0,1,0,1,0,0,1
260,0,0,1,0,1,0,0,1
233,1,0,1,0,1,1,0,1
76,1,1,0,0,1,1,0,0
480,1,0,1,0,0,1,2,1
396,0,0,0,0,1,0,0,2
288,1,0,1,1,0,1,1,1
301,1,0,1,0,1,1,0,1
396,0,1,0,0,0,0,2,0
361,0,1,0,0,1,0,0,0
382,1,0,1,0,1,1,0,1
389,1,0,1,0,0,1,2,1
364,0,0,1,0,1,0,0,1
633,1,1,0,0,1,1,0,0
86,0,0,1,0,1,0,0,1
221,0,0,1,1,0,0,1,1
319,1,0,1,0,1,1,0,1
478,1,0,1,0,1,1,0,1
525,1,0,1,0,1,1,0,1
270,1,0,1,0,1,1,0,1
318,0,0,1,0,1,0,0,1
288,1,0,1,0,1,1,0,1
492,1,0,1,0,1,1,0,1
91,1,0,1,1,0,1,1,1
386,1,0,1,1,0,1,1,1
369,1,1,0,0,1,1,0,0
339,1,0,1,0,1,1,0,1
324,1,1,0,1,0,1,1,0
399,1,0,1,0,1,1,0,1
398,1,0,1,0,0,1,2,1
353,1,0,1,0,0,1,2,1
180,1,0,1,1,0,1,1,1
862,1,0,1,0,1,1,0,1
564,0,0,1,0,1,0,0,1
332,1,0,1,1,0,1,1,1
332,1,0,1,0,1,1,0,1
219,1,0,1,0,1,1,0,1
538,1,0,1,0,1,1,0,1
231,1,1,0,0,1,1,0,0
382,0,0,1,1,0,0,1,1
381,1,0,1,0,1,1,0,1
266,1,0,1,0,1,1,0,1
126,1,0,1,0,0,1,2,1
471,1,0,1,0,1,1,0,1
241,1,0,1,0,1,1,0,1
464,1,1,0,0,1,1,0,0
416,0,0,1,0,1,0,0,1
464,1,0,1,0,1,1,0,1
408,0,0,1,1,0,0,1,1
179,0,0,1,0,1,0,0,1
251,0,0,1,1,0,0,1,1
383,1,0,1,1,0,1,1,1
307,0,0,1,0,1,0,0,1
294,0,0,1,0,1,0,0,1
350,0,0,1,0,1,0,0,1
382,1,0,1,1,0,1,1,1
296,0,0,0,0,0,0,2,2
38,1,0,1,0,0,1,2,1
67,0,0,1,0,1,0,0,1
324,1,0,1,1,0,1,1,1
412,1,0,1,1,0,1,1,1
148,1,0,1,1,0,1,1,1
466,0,0,1,0,1,0,0,1
342,0,0,0,1,0,0,1,2
510,1,0,1,0,0,1,2,1
529,0,0,1,0,1,0,0,1
121,0,0,1,0,0,0,2,1
242,1,0,1,0,1,1,0,1
90,0,0,1,0,0,0,2,1
347,1,0,1,0,0,1,2,1
531,0,1,0,0,0,0,2,0
371,0,0,1,0,1,0,0,1
139,0,0,1,0,1,0,0,1
170,1,0,0,0,0,1,2,2
344,1,0,1,0,0,1,2,1
494,0,0,1,0,1,0,0,1
217,1,0,1,0,1,1,0,1
438,0,0,1,0,1,0,0,1
416,1,0,1,0,0,1,2,1
457,1,0,1,0,1,1,0,1
227,1,0,1,0,1,1,0,1
34,0,0,1,0,1,0,0,1
445,1,0,1,0,1,1,0,1
304,1,0,1,0,1,1,0,1
331,1,0,1,0,1,1,0,1
310,1,0,1,1,0,1,1,1
452,1,1,0,1,0,1,1,0
327,0,0,1,0,1,0,0,1
509,1,0,1,0,0,1,2,1
154,1,0,1,0,1,1,0,1
93,1,0,1,0,1,1,0,1
289,1,1,0,1,0,1,1,0
277,1,1,0,0,0,1,2,0
221,1,0,1,1,0,1,1,1
442,1,0,1,0,1,1,0,1
322,0,0,1,0,1,0,0,1
163,1,0,1,0,1,1,0,1
259,1,0,1,0,1,1,0,1
248,0,0,1,0,1,0,0,1
297,1,1,0,1,0,1,1,0
177,0,0,1,0,1,0,0,1
404,1,0,1,0,0,1,2,1
393,1,0,1,0,1,1,0,1
303,1,0,1,0,0,1,2,1
223,0,0,1,0,1,0,0,1
375,1,0,1,1,0,1,1,1
394,0,0,1,0,1,0,0,1
341,0,1,0,0,0,0,2,0
175,1,1,0,1,0,1,1,0
476,1,0,1,0,1,1,0,1
453,0,0,1,0,0,0,2,1
357,1,0,1,1,0,1,1,1
430,1,1,0,0,1,1,0,0
177,1,0,1,0,1,1,0,1
327,0,0,1,0,1,0,0,1
182,1,1,0,0,0,1,2,0
261,1,0,1,0,1,1,0,1
275,0,1,0,0,0,0,2,0
787,1,0,1,0,0,1,2,1
415,0,0,1,1,0,0,1,1
195,1,0,1,0,1,1,0,1
412,1,0,1,0,1,1,0,1
315,1,0,1,0,1,1,0,1
404,1,0,1,0,0,1,2,1
308,0,0,1,0,1,0,0,1
317,1,0,1,0,1,1,0,1
474,1,0,0,0,0,1,2,2
271,1,0,1,1,0,1,1,1
36,1,0,1,0,1,1,0,1
202,1,0,1,1,0,1,1,1
378,1,0,1,0,1,1,0,1
243,0,0,1,0,1,0,0,1
302,0,0,1,1,0,0,1,1
52,1,0,1,1,0,1,1,1
276,0,0,1,0,1,0,0,1
134,1,0,1,0,1,1,0,1
345,0,0,1,0,0,0,2,1
169,1,0,0,0,1,1,0,2
422,1,0,1,1,0,1,1,1
328,1,0,1,0,1,1,0,1
508,1,0,1,0,1,1,0,1
900,1,1,0,0,1,1,0,0
300,0,0,1,1,0,0,1,1
483,0,0,1,0,1,0,0,1
601,0,0,1,0,1,0,0,1
356,1,0,1,1,0,1,1,1
377,1,0,1,0,1,1,0,1
158,1,0,1,1,0,1,1,1
436,1,0,1,0,0,1,2,1
117,1,0,1,0,1,1,0,1
273,0,0,1,0,1,0,0,1
188,0,0,1,0,0,0,2,1
513,1,0,0,0,0,1,2,2
299,0,0,0,0,1,0,0,2
315,1,0,1,0,0,1,2,1
296,1,0,1,0,1,1,0,1
63,0,0,1,1,0,0,1,1
453,0,0,1,0,1,0,0,1
403,1,0,1,0,1,1,0,1
937,1,0,1,1,0,1,1,1
316,1,0,1,1,0,1,1,1
371,0,0,1,0,1,0,0,1
177,1,0,1,1,0,1,1,1
255,0,0,1,0,1,0,0,1
388,1,0,1,0,0,1,2,1
344,1,0,0,1,0,1,1,2
469,1,0,1,0,1,1,0,1
294,1,0,1,1,0,1,1,1
321,1,0,1,1,0,1,1,1
495,1,0,1,0,1,1,0,1
397,1,0,0,0,1,1,0,2
315,0,1,0,1,0,0,1,0
344,1,0,1,0,0,1,2,1
396,1,0,1,0,0,1,2,1
410,1,0,1,0,1,1,0,1
403,1,0,1,1,0,1,1,1
296,0,1,0,0,0,0,2,0
45,1,0,1,1,0,1,1,1
473,1,0,0,0,1,1,0,2
205,0,0,1,0,1,0,0,1
357,1,0,1,0,0,1,2,1
435,1,0,1,1,0,1,1,1
312,1,0,1,0,1,1,0,1
370,0,0,1,0,0,0,2,1
401,1,0,1,0,0,1,2,1
365,1,0,1,1,0,1,1,1
335,1,0,0,0,1,1,0,2
411,1,0,1,0,1,1,0,1
466,1,0,1,0,0,1,2,1
266,1,0,1,0,0,1,2,1
384,0,0,1,1,0,0,1,1
417,1,0,1,0,0,1,2,1
253,1,0,1,1,0,1,1,1
281,1,0,1,1,0,1,1,1
185,1,0,1,1,0,1,1,1
429,1,0,1,0,1,1,0,1
173,1,0,1,1,0,1,1,1
393,1,0,1,0,1,1,0,1
322,1,0,1,0,1,1,0,1
667,0,0,1,0,1,0,0,1
323,1,0,1,0,0,1,2,1
476,0,0,1,0,1,0,0,1
252,1,0,1,0,1,1,0,1
389,1,0,1,0,1,1,0,1
868,1,0,1,1,0,1,1,1
479,1,0,1,0,1,1,0,1
314,0,0,1,0,0,0,2,1
237,1,0,1,0,1,1,0,1
312,1,1,0,0,1,1,0,0
242,1,0,1,0,1,1,0,1
205,0,0,1,0,1,0,0,1
443,1,1,0,1,0,1,1,0
312,0,0,1,0,0,0,2,1
950,1,0,1,0,1,1,0,1
342,1,0,1,0,0,1,2,1
311,1,0,0,0,1,1,0,2
130,0,0,1,1,0,0,1,1
321,1,0,1,0,1,1,0,1
418,1,1,0,0,0,1,2,0
283,0,0,1,0,0,0,2,1
284,1,0,1,0,1,1,0,1
200,1,0,1,0,1,1,0,1
476,0,0,1,0,1,0,0,1
949,1,0,1,0,0,1,2,1
89,1,0,1,0,1,1,0,1
373,0,0,1,1,0,0,1,1
330,1,0,1,0,1,1,0,1
194,0,0,1,0,1,0,0,1
451,1,1,0,1,0,1,1,0
248,0,0,1,0,1,0,0,1
154,0,0,1,0,1,0,0,1
381,0,0,0,1,0,0,1,2
284,0,0,1,0,1,0,0,1
384,0,0,1,1,0,0,1,1
399,1,0,1,1,0,1,1,1
93,0,0,1,0,1,0,0,1
421,1,0,1,0,1,1,0,1
507,1,0,1,0,1,1,0,1
493,0,0,1,0,1,0,0,1
299,1,0,1,1,0,1,1,1
399,0,0,1,0,0,0,2,1
295,1,1,0,0,1,1,0,0
291,1,0,1,0,1,1,0,1
297,1,0,1,1,0,1,1,1
436,0,0,1,0,1,0,0,1
142,1,0,1,0,1,1,0,1
402,1,0,1,0,1,1,0,1
206,1,0,0,0,1,1,0,2
238,1,0,1,0,1,1,0,1
520,1,0,1,0,1,1,0,1
103,1,0,1,0,1,1,0,1
415,1,0,1,0,1,1,0,1
87,1,0,1,0,1,1,0,1
255,1,1,0,1,0,1,1,0
353,1,0,1,0,1,1,0,1
461,1,0,1,0,1,1,0,1
215,1,0,1,0,1,1,0,1
346,1,0,1,0,0,1,2,1
326,1,0,1,0,1,1,0,1
231,1,1,0,0,1,1,0,0
453,0,0,1,1,0,0,1,1
573,1,0,1,0,1,1,0,1
318,1,1,0,0,1,1,0,0
344,1,0,1,0,0,1,2,1
317,1,0,1,1,0,1,1,1
560,0,0,1,0,1,0,0,1
408,1,1,0,1,0,1,1,0
317,1,0,0,0,0,1,2,2
273,0,0,1,0,1,0,0,1
306,1,0,1,1,0,1,1,1
368,1,0,1,0,0,1,2,1
336,1,0,0,1,0,1,1,2
340,1,0,1,0,1,1,0,1
437,1,0,1,0,1,1,0,1
220,1,0,0,0,1,1,0,2
563,0,0,1,0,0,0,2,1
613,1,0,1,0,1,1,0,1
174,1,0,1,0,0,1,2,1
153,1,1,0,0,1,1,0,0
342,0,0,1,0,0,0,2,1
352,0,0,1,0,1,0,0,1
222,1,0,1,1,0,1,1,1
359,1,0,0,1,0,1,1,2
269,1,0,1,0,0,1,2,1
383,1,0,1,0,1,1,0,1
271,0,0,1,0,1,0,0,1
413,0,0,1,1,0,0,1,1
465,1,0,1,0,1,1,0,1
377,1,0,1,0,0,1,2,1
405,0,0,1,0,0,0,2,1
392,1,1,0,0,1,1,0,0
327,0,0,1,0,1,0,0,1
437,1,0,1,0,1,1,0,1
283,0,0,1,0,1,0,0,1
387,1,0,1,0,0,1,2,1
258,1,0,1,0,1,1,0,1
185,0,0,0,0,1,0,0,2
86,0,0,1,0,1,0,0,1
353,0,0,1,0,1,0,0,1
405,1,0,1,0,1,1,0,1
320,1,0,1,0,1,1,0,1
99,1,0,1,0,1,1,0,1
475,1,0,0,0,1,1,0,2
356,1,0,1,1,0,1,1,1
421,1,0,1,0,1,1,0,1
438,0,0,1,0,0,0,2,1
70,1,1,0,0,1,1,0,0
335,1,0,1,0,1,1,0,1
407,0,0,1,0,1,0,0,1
504,0,0,1,0,1,0,0,1
214,0,0,1,0,1,0,0,1
323,1,0,0,0,1,1,0,2
343,1,0,1,1,0,1,1,1
328,0,0,0,0,1,0,0,2
388,1,0,1,0,1,1,0,1
320,0,0,1,1,0,0,1,1
498,0,0,1,0,1,0,0,1
393,1,1,0,0,1,1,0,0
371,1,1,0,0,1,1,0,0
123,1,0,1,0,0,1,2,1
368,1,0,1,1,0,1,1,1
354,0,0,1,1,0,0,1,1
335,0,0,1,0,1,0,0,1
104,0,0,1,0,1,0,0,1
376,0,1,0,0,0,0,2,0
287,0,0,1,1,0,0,1,1
388,1,0,1,1,0,1,1,1
410,1,1,0,0,0,1,2,0
427,1,1,0,0,1,1,0,0
134,1,0,1,0,0,1,2,1
212,0,0,1,0,1,0,0,1
220,1,1,0,1,0,1,1,0
337,1,0,1,0,1,1,0,1
366,0,0,0,0,1,0,0,2
258,1,0,1,0,1,1,0,1
536,1,0,1,0,1,1,0,1
42,1,0,1,0,1,1,0,1
475,1,0,1,0,1,1,0,1
474,1,0,1,0,0,1,2,1
437,1,0,1,1,0,1,1,1
401,1,0,1,0,1,1,0,1
403,0,0,1,0,0,0,2,1
314,1,0,1,1,0,1,1,1
194,1,0,1,0,1,1,0,1
242,1,0,1,0,1,1,0,1
314,0,0,1,1,0,0,1,1
348,1,0,1,0,1,1,0,1
333,1,0,1,0,1,1,0,1
297,1,0,1,0,1,1,0,1
443,1,0,1,1,0,1,1,1
830,1,1,0,0,1,1,0,0
447,1,1,0,1,0,1,1,0
48,1,0,1,0,0,1,2,1
415,1,1,0,0,0,1,2,0
346,1,0,1,0,1,1,0,1
733,1,0,1,0,1,1,0,1
177,1,0,1,0,0,1,2,1
66,1,0,0,0,1,1,0,2
376,1,1,0,0,1,1,0,0
465,1,0,1,0,1,1,0,1
289,1,0,1,0,0,1,2,1
343,1,0,1,1,0,1,1,1
425,1,0,1,0,0,1,2,1
208,1,0,1,0,1,1,0,1
324,1,0,0,0,1,1,0,2
386,1,0,1,0,1,1,0,1
472,0,0,1,1,0,0,1,1
46,1,1,0,0,1,1,0,0
391,1,0,1,0,1,1,0,1
389,0,0,1,0,1,0,0,1
309,1,0,1,0,0,1,2,1
447,0,0,1,0,1,0,0,1
525,1,0,1,0,1,1,0,1
861,1,0,1,0,1,1,0,1
547,0,0,1,0,0,0,2,1
523,1,0,1,0,1,1,0,1
156,0,0,1,0,1,0,0,1
587,1,0,1,1,0,1,1,1
296,0,0,1,0,1,0,0,1
64,0,0,1,1,0,0,1,1
178,1,1,0,0,1,1,0,0
392,1,0,1,0,1,1,0,1
451,0,0,1,0,0,0,2,1
345,0,0,1,0,0,0,2,1
246,0,0,1,0,1,0,0,1
177,0,0,1,0,1,0,0,1
415,0,0,1,0,1,0,0,1
151,1,0,1,0,1,1,0,1
402,0,0,1,0,1,0,0,1
216,0,0,1,0,1,0,0,1
97,1,0,1,0,1,1,0,1
388,1,0,1,0,0,1,2,1
87,0,0,1,0,1,0,0,1
287,1,0,1,0,1,1,0,1
190,0,0,1,0,1,0,0,1
374,1,0,1,0,0,1,2,1
414,1,0,1,1,0,1,1,1
380,0,0,1,0,1,0,0,1
356,0,0,0,0,0,0,2,2
271,0,0,1,0,1,0,0,1
269,1,0,1,0,0,1,2,1
352,1,0,1,0,1,1,0,1
188,0,1,0,0,1,0,0,0
866,1,0,1,0,0,1,2,1
267,0,1,0,0,1,0,0,0
437,1,1,0,0,0,1,2,0
245,1,1,0,0,1,1,0,0
266,1,0,1,1,0,1,1,1
382,1,1,0,0,1,1,0,0
455,0,0,1,1,0,0,1,1
238,1,0,0,1,0,1,1,2
747,0,0,1,0,1,0,0,1
399,0,0,1,0,1,0,0,1
398,1,1,0,0,1,1,0,0
375,1,0,1,1,0,1,1,1
118,1,1,0,0,1,1,0,0
109,1,0,1,0,0,1,2,1
264,1,0,1,0,0,1,2,1
308,1,0,1,1,0,1,1,1
659,1,0,1,0,1,1,0,1
43,1,0,1,0,1,1,0,1
356,1,0,1,0,0,1,2,1
275,0,0,1,0,1,0,0,1
373,1,0,1,0,1,1,0,1
91,1,0,1,0,1,1,0,1
348,1,0,1,0,1,1,0,1
436,1,0,1,0,0,1,2,1
316,0,0,1,0,0,0,2,1
474,0,1,0,0,1,0,0,0
314,1,0,1,0,0,1,2,1
68,1,1,0,0,1,1,0,0
415,0,0,1,0,0,0,2,1
343,1,0,1,0,1,1,0,1
528,1,1,0,0,1,1,0,0
72,1,0,1,0,1,1,0,1
227,1,0,1,1,0,1,1,1
29,0,1,0,0,0,0,2,0
198,1,0,1,0,0,1,2,1
433,1,0,1,0,1,1,0,1
384,1,0,1,1,0,1,1,1
533,1,0,1,1,0,1,1,1
276,1,0,1,0,1,1,0,1
339,1,0,0,0,1,1,0,2
103,0,0,1,0,1,0,0,1
441,1,0,1,1,0,1,1,1
506,1,0,1,0,0,1,2,1
455,0,0,1,0,0,0,2,1
267,0,0,1,0,0,0,2,1
378,1,0,1,0,0,1,2,1
402,1,0,1,0,1,1,0,1
50,0,0,1,0,1,0,0,1
320,0,0,1,1,0,0,1,1
47,1,0,1,0,1,1,0,1
151,1,0,1,1,0,1,1,1
350,1,0,1,0,0,1,2,1
195,1,0,1,0,1,1,0,1
388,0,0,1,0,1,0,0,1
229,0,0,1,0,1,0,0,1
358,0,0,1,0,0,0,2,1
181,1,0,1,0,0,1,2,1
462,1,1,0,0,0,1,2,0
322,0,0,1,0,1,0,0,1
371,1,0,1,0,1,1,0,1
46,1,1,0,0,0,1,2,0
207,1,0,0,0,0,1,2,2
287,1,0,1,0,1,1,0,1
416,1,1,0,0,1,1,0,0
443,1,0,1,0,1,1,0,1
492,0,1,0,0,1,0,0,0
582,1,1,0,0,1,1,0,0
322,1,1,0,0,0,1,2,0
141,0,0,1,0,1,0,0,1
557,0,0,1,0,1,0,0,1
454,0,0,1,0,0,0,2,1
195,1,0,1,0,1,1,0,1
391,1,1,0,0,1,1,0,0
371,0,1,0,0,1,0,0,0
443,1,0,1,0,1,1,0,1
202,0,0,1,0,1,0,0,1
251,0,0,1,0,1,0,0,1
159,0,0,1,1,0,0,1,1
356,1,1,0,0,0,1,2,0
342,1,0,0,0,1,1,0,2
225,1,0,1,0,1,1,0,1
95,1,0,1,1,0,1,1,1
343,0,0,1,0,1,0,0,1
418,1,0,1,1,0,1,1,1
274,1,0,1,1,0,1,1,1
326,0,1,0,0,0,0,2,0
430,0,0,1,0,0,0,2,1
311,1,0,0,0,1,1,0,2
248,1,0,1,0,1,1,0,1
419,0,0,1,0,1,0,0,1
492,0,0,1,0,1,0,0,1
408,1,1,0,0,1,1,0,0
300,1,0,1,1,0,1,1,1
313,1,0,1,0,0,1,2,1
282,0,0,1,0,1,0,0,1
387,0,0,1,0,0,0,2,1
573,1,0,1,0,1,1,0,1
294,1,1,0,0,0,1,2,0
365,1,0,1,1,0,1,1,1
213,1,0,1,0,1,1,0,1
387,1,0,1,0,1,1,0,1
159,1,0,1,0,1,1,0,1
375,0,0,1,0,1,0,0,1
336,1,0,1,0,1,1,0,1
242,1,0,1,0,1,1,0,1
273,0,0,1,0,1,0,0,1
473,0,0,1,1,0,0,1,1
191,0,0,1,0,1,0,0,1
185,1,0,1,1,0,1,1,1
432,1,0,1,0,1,1,0,1
270,1,0,1,0,0,1,2,1
164,1,1,0,0,1,1,0,0
384,1,0,1,0,1,1,0,1
112,0,1,0,0,0,0,2,0
311,1,0,1,0,1,1,0,1
83,1,0,1,0,0,1,2,1
461,1,0,1,0,1,1,0,1
376,1,0,0,0,1,1,0,2
196,1,0,1,0,0,1,2,1
413,0,0,1,1,0,0,1,1
166,1,0,1,0,0,1,2,1
351,1,0,1,0,1,1,0,1
284,1,0,1,1,0,1,1,1
396,0,0,1,1,0,0,1,1
63,1,0,1,0,1,1,0,1
415,1,0,1,0,0,1,2,1
545,1,0,1,0,1,1,0,1
466,1,0,1,1,0,1,1,1
350,1,1,0,0,1,1,0,0
272,1,0,1,0,1,1,0,1
380,1,0,1,0,1,1,0,1
322,1,0,1,0,1,1,0,1
290,1,0,1,0,1,1,0,1
350,1,0,1,0,1,1,0,1
316,1,0,1,0,1,1,0,1
145,0,0,1,0,0,0,2,1
641,0,1,0,0,0,0,2,0
341,1,0,1,1,0,1,1,1
370,1,0,1,0,1,1,0,1
258,1,0,1,0,1,1,0,1
308,0,0,1,0,1,0,0,1
191,0,0,1,0,1,0,0,1
244,1,0,1,0,1,1,0,1
334,0,1,0,0,0,0,2,0
525,1,0,1,1,0,1,1,1
427,0,0,1,0,0,0,2,1
951,1,0,1,0,1,1,0,1
198,1,0,1,0,1,1,0,1
206,1,0,1,0,1,1,0,1
360,0,0,1,0,1,0,0,1
185,0,1,0,1,0,0,1,0
237,1,1,0,0,1,1,0,0
354,1,0,1,1,0,1,1,1
239,1,0,1,0,1,1,0,1
419,1,0,1,0,1,1,0,1
329,1,0,1,0,1,1,0,1
399,0,0,1,0,1,0,0,1
297,1,0,1,0,1,1,0,1
352,1,0,1,1,0,1,1,1
339,1,0,1,0,1,1,0,1
187,0,0,0,0,0,0,2,2
593,1,0,1,1,0,1,1,1
293,1,0,1,1,0,1,1,1
418,0,0,1,0,1,0,0,1
163,1,1,0,0,1,1,0,0
72,1,1,0,1,0,1,1,0
45,1,0,1,0,1,1,0,1
324,1,0,1,0,1,1,0,1
372,1,0,0,0,0,1,2,2
330,1,0,1,1,0,1,1,1
234,1,0,1,1,0,1,1,1
164,0,0,1,0,1,0,0,1
41,1,0,1,1,0,1,1,1
535,1,0,0,0,0,1,2,2
55,1,0,1,1,0,1,1,1
353,1,0,1,1,0,1,1,1
376,0,0,1,0,1,0,0,1
237,0,0,1,1,0,0,1,1
432,1,0,1,1,0,1,1,1
354,1,0,1,0,1,1,0,1
54,1,0,1,0,1,1,0,1
436,0,0,1,0,0,0,2,1
256,0,0,1,1,0,0,1,1
290,1,0,1,0,1,1,0,1
256,1,0,1,0,0,1,2,1
185,0,0,1,0,1,0,0,1
45,1,0,1,0,1,1,0,1
312,0,0,1,0,1,0,0,1
377,0,0,1,0,1,0,0,1
427,0,0,1,0,0,0,2,1
372,0,0,1,0,1,0,0,1
355,1,0,1,0,0,1,2,1
247,1,0,1,0,1,1,0,1
551,1,1,0,0,1,1,0,0
375,0,0,1,1,0,0,1,1
308,1,0,1,0,1,1,0,1
436,1,1,0,0,1,1,0,0
269,1,0,1,0,1,1,0,1
404,1,0,1,0,0,1,2,1
492,1,1,0,0,1,1,0,0
641,0,0,1,0,1,0,0,1
399,1,0,1,0,1,1,0,1
438,1,0,1,0,1,1,0,1
408,1,0,1,0,0,1,2,1
81,1,0,1,0,1,1,0,1
468,1,0,1,0,1,1,0,1
305,1,0,1,0,1,1,0,1
329,1,0,1,0,1,1,0,1
437,1,0,1,0,1,1,0,1
388,1,0,1,0,0,1,2,1
307,1,0,1,0,1,1,0,1
203,1,0,1,0,1,1,0,1
355,1,0,1,0,0,1,2,1
338,1,0,0,0,1,1,0,2
460,0,0,1,1,0,0,1,1
190,1,1,0,1,0,1,1,0
604,0,1,0,0,1,0,0,0
314,1,0,1,1,0,1,1,1
235,0,0,1,0,1,0,0,1
360,1,0,1,0,1,1,0,1
763,0,0,1,0,1,0,0,1
590,0,1,0,1,0,0,1,0
224,1,0,1,0,1,1,0,1
818,1,0,1,0,1,1,0,1
376,1,0,1,0,0,1,2,1
216,0,0,1,1,0,0,1,1
452,1,0,1,0,1,1,0,1
435,0,0,1,0,0,0,2,1
415,1,1,0,0,1,1,0,0
246,1,0,1,0,1,1,0,1
159,1,0,0,0,1,1,0,2
356,0,0,1,0,1,0,0,1
121,1,0,1,0,1,1,0,1
333,1,0,1,0,0,1,2,1
456,0,0,1,1,0,0,1,1
440,1,0,1,0,1,1,0,1
162,1,1,0,0,0,1,2,0
380,1,0,1,0,1,1,0,1
277,0,0,0,0,1,0,0,2
412,1,0,1,1,0,1,1,1
783,1,0,1,0,0,1,2,1
218,1,1,0,0,1,1,0,0
106,1,0,1,0,1,1,0,1
120,0,0,1,0,1,0,0,1
319,1,1,0,0,0,1,2,0
152,1,0,1,0,0,1,2,1
481,0,1,0,0,0,0,2,0
115,1,0,1,0,1,1,0,1
454,1,0,1,0,1,1,0,1
356,0,0,1,0,0,0,2,1
302,1,1,0,0,0,1,2,0
735,0,0,1,0,1,0,0,1
297,1,1,0,1,0,1,1,0
477,1,0,1,0,1,1,0,1
300,0,0,1,1,0,0,1,1
359,0,0,1,1,0,0,1,1
352,0,0,1,1,0,0,1,1
426,1,0,1,0,0,1,2,1
265,1,0,1,0,0,1,2,1
512,0,0,1,0,1,0,0,1
64,0,0,1,1,0,0,1,1
123,0,0,1,0,1,0,0,1
421,1,1,0,0,0,1,2,0
607,1,0,1,0,1,1,0,1
125,1,0,1,0,1,1,0,1
59,0,0,1,0,1,0,0,1
462,1,0,1,0,0,1,2,1
225,1,1,0,0,0,1,2,0
753,0,0,1,1,0,0,1,1
283,1,0,1,1,0,1,1,1
309,0,0,1,1,0,0,1,1
299,1,0,1,0,1,1,0,1
334,0,0,1,0,1,0,0,1
402,0,0,0,1,0,0,1,2
797,1,1,0,0,1,1,0,0
256,1,0,1,0,1,1,0,1
388,0,0,1,0,1,0,0,1
175,1,0,1,0,1,1,0,1
223,1,0,1,0,1,1,0,1
381,1,1,0,1,0,1,1,0
311,1,0,1,1,0,1,1,1
381,0,0,1,0,1,0,0,1
414,1,0,0,1,0,1,1,2
132,1,0,1,0,0,1,2,1
758,1,0,1,1,0,1,1,1
359,0,0,1,0,1,0,0,1
554,1,0,1,0,1,1,0,1
357,1,0,1,0,0,1,2,1
122,1,0,1,1,0,1,1,1
621,1,0,1,0,1,1,0,1
275,1,0,1,0,1,1,0,1
364,0,0,0,0,1,0,0,2
477,1,0,1,0,1,1,0,1
149,1,0,1,1,0,1,1,1
340,0,0,1,0,1,0,0,1
40,1,0,1,0,0,1,2,1
225,0,0,1,0,1,0,0,1
310,0,0,1,1,0,0,1,1
260,1,1,0,0,1,1,0,0
450,1,0,1,0,1,1,0,1
63,1,0,1,0,1,1,0,1
106,1,0,1,0,1,1,0,1
204,1,0,1,1,0,1,1,1
224,1,0,1,0,1,1,0,1
281,1,0,1,0,1,1,0,1
258,1,0,1,1,0,1,1,1
366,1,0,1,0,1,1,0,1
224,1,0,1,0,0,1,2,1
70,1,0,1,0,1,1,0,1
340,1,0,1,0,1,1,0,1
371,1,0,1,0,1,1,0,1
82,1,0,1,0,1,1,0,1
335,0,0,1,0,0,0,2,1
362,1,0,1,0,0,1,2,1
437,1,0,1,1,0,1,1,1
399,1,0,1,0,0,1,2,1
497,1,0,1,0,1,1,0,1
427,1,0,1,0,1,1,0,1
410,1,0,1,0,1,1,0,1
501,1,0,1,0,1,1,0,1
427,1,0,1,0,1,1,0,1
491,1,0,1,0,1,1,0,1
116,1,0,1,0,1,1,0,1
442,1,0,1,1,0,1,1,1
404,1,0,1,0,1,1,0,1
515,1,0,1,0,1,1,0,1
364,1,0,1,0,1,1,0,1
450,0,0,1,0,1,0,0,1
287,1,0,1,0,1,1,0,1
133,0,0,1,0,1,0,0,1
230,1,0,1,0,0,1,2,1
418,1,0,1,0,1,1,0,1
252,1,0,1,0,0,1,2,1
211,0,0,1,0,0,0,2,1
287,1,0,1,0,0,1,2,1
56,0,0,1,0,0,0,2,1
329,1,1,0,1,0,1,1,0
359,1,0,1,0,0,1,2,1
400,0,0,0,1,0,0,1,2
367,0,1,0,0,1,0,0,0
247,1,0,1,0,0,1,2,1
357,1,0,1,0,1,1,0,1
247,0,0,1,0,1,0,0,1
267,1,0,1,0,1,1,0,1
309,1,0,1,0,1,1,0,1
281,1,0,0,0,1,1,0,2
301,1,0,1,0,1,1,0,1
289,0,0,1,0,1,0,0,1
345,1,0,1,0,1,1,0,1
276,1,0,1,0,1,1,0,1
519,1,0,1,1,0,1,1,1
183,1,0,1,1,0,1,1,1
308,0,0,0,0,1,0,0,2
205,1,0,1,0,0,1,2,1
455,1,0,0,0,0,1,2,2
454,1,0,1,0,0,1,2,1
378,0,0,1,1,0,0,1,1
330,1,0,1,0,1,1,0,1
404,1,0,0,1,0,1,1,2
367,1,0,1,0,1,1,0,1
421,0,0,1,0,1,0,0,1
236,1,0,1,0,1,1,0,1
267,0,0,1,0,1,0,0,1
431,1,0,1,0,0,1,2,1
130,0,0,1,0,0,0,2,1
263,1,0,1,1,0,1,1,1
292,1,0,1,0,0,1,2,1
505,1,0,1,0,1,1,0,1
413,1,0,1,0,1,1,0,1
317,0,1,0,0,1,0,0,0
129,1,0,1,1,0,1,1,1
342,0,0,1,1,0,0,1,1
435,0,0,1,0,0,0,2,1
274,0,1,0,0,1,0,0,0
887,0,0,1,0,0,0,2,1
397,1,1,0,0,0,1,2,0
463,0,0,0,0,1,0,0,2
121,1,0,1,0,0,1,2,1
308,1,0,1,0,1,1,0,1
306,1,0,1,0,1,1,0,1
646,1,0,1,0,0,1,2,1
437,1,0,1,0,1,1,0,1
341,0,0,1,1,0,0,1,1
352,0,0,1,0,1,0,0,1
362,1,0,1,1,0,1,1,1
267,1,0,1,0,1,1,0,1
335,1,0,1,0,1,1,0,1
483,1,0,1,1,0,1,1,1
333,1,0,1,0,1,1,0,1
261,1,0,1,0,1,1,0,1
464,0,1,0,0,1,0,0,0
386,1,0,1,1,0,1,1,1
404,0,0,1,0,1,0,0,1
56,1,1,0,0,1,1,0,0
206,1,0,1,0,0,1,2,1
176,1,1,0,0,1,1,0,0
306,1,0,0,0,1,1,0,2
412,1,0,1,1,0,1,1,1
143,0,1,0,0,1,0,0,0
482,1,0,1,1,0,1,1,1
457,1,0,1,0,1,1,0,1
485,1,0,1,0,1,1,0,1
420,1,0,1,0,1,1,0,1
281,1,0,1,0,0,1,2,1
424,1,0,1,0,1,1,0,1
321,1,1,0,0,1,1,0,0
297,0,0,1,0,1,0,0,1
35,1,0,1,1,0,1,1,1
479,1,0,1,0,0,1,2,1
169,0,1,0,1,0,0,1,0
442,1,0,0,0,0,1,2,2
433,1,0,1,0,1,1,0,1
363,1,0,1,0,0,1,2,1
168,0,1,0,0,1,0,0,0
306,0,0,1,0,1,0,0,1
388,0,0,1,1,0,0,1,1
685,1,1,0,1,0,1,1,0
330,0,0,1,0,0,0,2,1
289,1,0,1,0,1,1,0,1
498,1,0,1,0,1,1,0,1
49,1,0,1,1,0,1,1,1
177,0,0,1,0,1,0,0,1
346,1,0,0,0,1,1,0,2
114,1,0,1,0,1,1,0,1
350,0,0,1,0,1,0,0,1
338,0,0,1,0,1,0,0,1
430,0,0,0,0,1,0,0,2
108,1,0,1,1,0,1,1,1
376,0,1,0,0,1,0,0,0
261,1,0,1,0,1,1,0,1
446,1,0,1,0,1,1,0,1
352,1,0,0,1,0,1,1,2
290,0,0,1,0,1,0,0,1
315,1,1,0,1,0,1,1,0
374,1,0,1,0,1,1,0,1
389,0,0,1,0,1,0,0,1
525,1,0,0,1,0,1,1,2
454,0,0,1,0,1,0,0,1
466,1,0,1,0,1,1,0,1
320,1,0,1,0,1,1,0,1
389,1,0,1,0,1,1,0,1
345,1,0,1,0,1,1,0,1
70,0,0,1,1,0,0,1,1
292,0,0,1,0,0,0,2,1
139,1,0,1,0,0,1,2,1
300,0,1,0,1,0,0,1,0
207,0,0,1,0,0,0,2,1
89,1,0,1,0,0,1,2,1
449,1,0,0,1,0,1,1,2
540,1,0,1,0,0,1,2,1
302,0,0,1,0,1,0,0,1
205,1,0,1,0,0,1,2,1
321,1,0,1,0,0,1,2,1
501,1,1,0,0,1,1,0,0
257,1,0,1,0,1,1,0,1
386,0,0,1,0,1,0,0,1
267,0,0,1,0,1,0,0,1
388,1,0,1,0,1,1,0,1
268,1,0,1,0,1,1,0,1
228,1,1,0,0,1,1,0,0
481,1,0,1,0,1,1,0,1
380,1,0,0,1,0,1,1,2
490,1,0,1,0,1,1,0,1
317,1,0,1,0,1,1,0,1
509,1,0,1,0,0,1,2,1
442,1,0,1,0,1,1,0,1
491,1,0,1,0,1,1,0,1
347,1,0,0,0,1,1,0,2
353,1,0,1,0,0,1,2,1
321,1,0,1,1,0,1,1,1
384,1,0,1,0,1,1,0,1
434,1,0,1,0,1,1,0,1
876,0,0,1,0,0,0,2,1
344,1,0,1,0,0,1,2,1
228,1,0,1,0,0,1,2,1
584,1,0,1,1,0,1,1,1
271,1,0,1,1,0,1,1,1
349,0,0,1,0,1,0,0,1
412,1,0,1,1,0,1,1,1
196,1,0,1,0,0,1,2,1
419,0,0,1,1,0,0,1,1
51,0,0,1,0,1,0,0,1
203,0,0,1,0,1,0,0,1
545,1,1,0,0,1,1,0,0
463,1,1,0,1,0,1,1,0
488,1,0,1,1,0,1,1,1
322,1,0,1,1,0,1,1,1
490,1,0,1,0,1,1,0,1
397,0,0,1,1,0,0,1,1
516,1,0,1,0,0,1,2,1
295,0,0,1,0,1,0,0,1
190,1,1,0,0,1,1,0,0
68,1,1,0,1,0,1,1,0
410,1,0,1,1,0,1,1,1
376,1,0,1,0,1,1,0,1
570,0,0,1,0,1,0,0,1
45,1,0,1,0,1,1,0,1
400,0,0,1,1,0,0,1,1
289,1,0,1,1,0,1,1,1
141,1,0,1,0,0,1,2,1
379,0,0,1,0,1,0,0,1
347,1,1,0,0,0,1,2,0
497,1,0,1,0,0,1,2,1
410,0,0,1,0,1,0,0,1
703,0,0,1,0,1,0,0,1
350,0,0,1,0,1,0,0,1
220,1,0,1,0,1,1,0,1
305,1,0,1,0,1,1,0,1
403,0,0,1,0,0,0,2,1
317,1,1,0,0,1,1,0,0
338,0,0,1,0,1,0,0,1
523,1,0,1,0,0,1,2,1
519,0,0,1,0,1,0,0,1
351,0,0,1,1,0,0,1,1
320,0,0,1,0,1,0,0,1
163,1,0,1,1,0,1,1,1
188,1,0,1,1,0,1,1,1
611,1,0,1,0,1,1,0,1
236,1,0,1,1,0,1,1,1
318,1,0,1,0,1,1,0,1
381,1,0,1,0,1,1,0,1
243,1,0,1,0,1,1,0,1
356,1,0,1,0,1,1,0,1
616,1,0,1,0,1,1,0,1
496,1,0,1,0,1,1,0,1
394,0,0,1,1,0,0,1,1
36,0,0,1,0,1,0,0,1
324,1,0,1,0,1,1,0,1
136,1,0,1,0,1,1,0,1
163,1,0,1,1,0,1,1,1
319,1,1,0,1,0,1,1,0
321,0,0,1,0,1,0,0,1
504,1,0,1,0,1,1,0,1
391,1,0,1,1,0,1,1,1
267,0,0,1,1,0,0,1,1
279,1,0,1,0,0,1,2,1
253,1,0,0,1,0,1,1,2
368,1,0,1,0,0,1,2,1
439,1,1,0,0,1,1,0,0
476,0,0,0,0,0,0,2,2
605,1,0,0,1,0,1,1,2
82,0,0,1,0,1,0,0,1
359,1,0,1,0,1,1,0,1
343,0,1,0,0,1,0,0,0
436,1,0,1,1,0,1,1,1
387,1,0,1,0,0,1,2,1
457,0,1,0,0,1,0,0,0
431,1,0,1,0,0,1,2,1
580,1,1,0,0,1,1,0,0
371,1,0,1,0,1,1,0,1
161,1,0,1,0,1,1,0,1
384,1,0,0,0,1,1,0,2
478,0,1,0,1,0,0,1,0
173,1,0,1,0,1,1,0,1
384,1,0,1,0,1,1,0,1
197,0,0,1,0,1,0,0,1
271,1,0,1,0,0,1,2,1
388,1,0,1,0,0,1,2,1
456,1,0,0,1,0,1,1,2
433,1,0,1,0,1,1,0,1
421,1,0,1,1,0,1,1,1
280,1,0,1,0,1,1,0,1
326,1,0,1,0,0,1,2,1
488,1,1,0,0,0,1,2,0
272,1,0,1,1,0,1,1,1
394,1,0,0,0,1,1,0,2
201,1,0,1,0,1,1,0,1
350,1,0,0,0,1,1,0,2
175,0,0,1,0,1,0,0,1
397,1,0,1,0,1,1,0,1
405,0,1,0,0,1,0,0,0
373,1,0,1,1,0,1,1,1
503,1,1,0,0,0,1,2,0
81,0,0,1,0,1,0,0,1
446,0,1,0,0,1,0,0,0
338,0,0,1,0,0,0,2,1
446,0,0,1,0,1,0,0,1
272,0,0,1,0,1,0,0,1
429,1,1,0,0,1,1,0,0
309,0,0,1,0,1,0,0,1
399,1,0,1,0,0,1,2,1
169,1,0,1,0,1,1,0,1
177,1,0,1,0,1,1,0,1
243,1,0,1,1,0,1,1,1
551,0,0,1,0,1,0,0,1
225,1,0,1,0,0,1,2,1
377,0,0,1,0,0,0,2,1
749,0,0,1,0,1,0,0,1
288,1,1,0,0,0,1,2,0
668,1,0,1,1,0,1,1,1
355,1,0,1,0,1,1,0,1
71,0,1,0,0,1,0,0,0
47,1,0,1,1,0,1,1,1
299,1,0,1,0,0,1,2,1
210,1,0,1,0,0,1,2,1
33,1,0,1,0,1,1,0,1
298,1,0,1,0,1,1,0,1
471,0,0,1,1,0,0,1,1
238,1,0,1,0,0,1,2,1
355,1,0,1,0,1,1,0,1
453,1,0,1,1,0,1,1,1
434,1,0,0,0,0,1,2,2
458,1,0,1,0,0,1,2,1
418,1,0,1,0,1,1,0,1
227,1,0,1,0,1,1,0,1
262,0,0,1,0,1,0,0,1
81,1,0,1,0,1,1,0,1
492,0,0,1,0,1,0,0,1
401,1,0,1,0,1,1,0,1
346,1,0,1,0,0,1,2,1
113,1,0,1,0,0,1,2,1
312,1,0,1,1,0,1,1,1
440,0,0,1,1,0,0,1,1
491,0,0,1,1,0,0,1,1
234,1,0,1,0,0,1,2,1
588,1,0,1,0,0,1,2,1
223,1,0,1,1,0,1,1,1
458,1,0,1,0,0,1,2,1
458,1,0,1,0,1,1,0,1
411,1,0,1,1,0,1,1,1
108,1,0,1,1,0,1,1,1
339,1,0,1,0,1,1,0,1
301,1,0,1,1,0,1,1,1
445,1,0,1,0,1,1,0,1
477,1,0,1,0,1,1,0,1
365,1,0,1,0,1,1,0,1
65,1,1,0,0,1,1,0,0
294,0,0,1,0,1,0,0,1
316,1,0,1,0,1,1,0,1
794,1,0,1,0,0,1,2,1
59,0,0,1,1,0,0,1,1
416,1,0,1,0,1,1,0,1
445,1,0,1,0,1,1,0,1
308,1,0,1,1,0,1,1,1
275,0,0,0,0,1,0,0,2
108,1,0,1,1,0,1,1,1
352,0,0,1,0,0,0,2,1
433,0,0,1,0,1,0,0,1
432,1,0,1,0,1,1,0,1
405,1,0,1,0,0,1,2,1
116,1,0,1,1,0,1,1,1
213,1,0,1,0,1,1,0,1
469,0,0,1,1,0,0,1,1
336,1,1,0,0,0,1,2,0
163,1,0,1,1,0,1,1,1
198,1,0,1,0,1,1,0,1
275,1,0,1,0,1,1,0,1
325,1,0,1,0,1,1,0,1
489,1,1,0,0,1,1,0,0
289,0,0,1,0,1,0,0,1
416,1,0,1,0,1,1,0,1
496,0,0,1,0,1,0,0,1
796,0,0,1,0,1,0,0,1
467,1,0,1,0,1,1,0,1
197,1,0,0,1,0,1,1,2
432,0,0,1,1,0,0,1,1
262,0,0,1,0,1,0,0,1
218,1,1,0,0,0,1,2,0
291,1,0,1,0,1,1,0,1
436,1,0,1,0,1,1,0,1
95,1,0,1,0,0,1,2,1
832,1,0,1,0,1,1,0,1
310,1,0,1,0,1,1,0,1
374,0,0,1,0,1,0,0,1
254,1,1,0,1,0,1,1,0
294,1,0,1,0,1,1,0,1
81,1,0,1,0,1,1,0,1
267,0,0,1,0,1,0,0,1
360,0,0,1,1,0,0,1,1
493,1,0,1,0,1,1,0,1
310,1,1,0,0,1,1,0,0
477,1,0,1,0,0,1,2,1
296,1,0,0,0,1,1,0,2
333,1,0,1,0,1,1,0,1
416,1,1,0,1,0,1,1,0
316,1,0,1,0,0,1,2,1
287,0,1,0,1,0,0,1,0
486,1,0,1,0,1,1,0,1
429,1,0,1,0,1,1,0,1
327,1,0,1,0,1,1,0,1
269,1,0,1,0,1,1,0,1
507,1,1,0,0,1,1,0,0
492,1,0,1,0,1,1,0,1
370,1,0,1,1,0,1,1,1
268,1,0,1,1,0,1,1,1
296,1,0,1,1,0,1,1,1
282,0,0,1,0,1,0,0,1
296,1,0,1,0,1,1,0,1
332,1,0,1,0,1,1,0,1
758,1,0,1,1,0,1,1,1
426,1,1,0,0,1,1,0,0
259,0,0,1,0,1,0,0,1
264,0,0,1,1,0,0,1,1
354,1,0,1,0,1,1,0,1
49,1,0,1,0,0,1,2,1
357,1,1,0,0,0,1,2,0
347,1,0,1,1,0,1,1,1
63,0,0,1,0,0,0,2,1
414,1,0,1,0,0,1,2,1
243,0,0,1,0,1,0,0,1
583,1,1,0,0,0,1,2,0
403,1,0,1,0,1,1,0,1
429,1,0,1,0,0,1,2,1
200,1,1,0,0,1,1,0,0
244,0,0,1,0,1,0,0,1
455,0,0,1,0,1,0,0,1
353,1,1,0,1,0,1,1,0
186,0,0,1,1,0,0,1,1
66,1,0,1,0,1,1,0,1
398,0,0,1,0,0,0,2,1
375,0,0,1,0,0,0,2,1
333,1,0,1,0,0,1,2,1
382,1,0,1,1,0,1,1,1
178,1,0,1,0,1,1,0,1
282,1,0,1,0,1,1,0,1
239,1,0,1,0,0,1,2,1
227,0,1,0,1,0,0,1,0
150,1,0,1,1,0,1,1,1
377,1,0,1,0,1,1,0,1
173,1,0,1,0,1,1,0,1
258,1,0,1,0,1,1,0,1
447,0,0,1,1,0,0,1,1
504,1,0,0,0,1,1,0,2
299,1,0,1,0,0,1,2,1
53,1,0,1,0,1,1,0,1
363,1,0,1,0,1,1,0,1
454,1,0,1,0,1,1,0,1
405,1,0,1,0,1,1,0,1
289,0,0,1,0,1,0,0,1
417,1,0,1,1,0,1,1,1
464,0,0,1,1,0,0,1,1
393,1,0,1,0,0,1,2,1
437,1,0,1,1,0,1,1,1
380,0,0,1,1,0,0,1,1
291,0,0,1,1,0,0,1,1
464,0,1,0,0,0,0,2,0
155,0,0,1,0,1,0,0,1
316,0,0,1,1,0,0,1,1
221,0,0,1,0,1,0,0,1
419,1,0,1,0,1,1,0,1
280,1,0,1,0,1,1,0,1
261,1,0,1,0,1,1,0,1
213,1,0,0,0,1,1,0,2
372,0,0,1,0,1,0,0,1
385,1,0,1,1,0,1,1,1
691,1,0,1,0,1,1,0,1
789,1,0,1,0,1,1,0,1
337,1,1,0,0,1,1,0,0
306,1,0,1,0,1,1,0,1
400,0,0,1,0,1,0,0,1
184,0,0,1,1,0,0,1,1
273,1,0,1,0,1,1,0,1
365,1,0,1,0,1,1,0,1
519,1,0,1,0,1,1,0,1
536,0,0,1,0,0,0,2,1
234,0,0,1,0,0,0,2,1
380,1,0,1,0,1,1,0,1
327,0,1,0,0,1,0,0,0
316,0,0,1,0,0,0,2,1
271,1,0,1,0,0,1,2,1
433,1,0,1,0,1,1,0,1
73,0,0,0,0,1,0,0,2
756,1,0,1,0,1,1,0,1
45,0,0,1,0,0,0,2,1
432,0,0,1,0,0,0,2,1
448,1,1,0,0,0,1,2,0
396,1,0,1,0,1,1,0,1
386,0,0,1,0,0,0,2,1
385,1,0,1,0,1,1,0,1
142,1,1,0,0,1,1,0,0
542,1,0,0,0,0,1,2,2
292,0,0,1,0,1,0,0,1
210,1,0,1,0,1,1,0,1
296,0,0,1,0,1,0,0,1
451,0,0,1,0,1,0,0,1
451,1,0,1,0,1,1,0,1
292,1,1,0,0,1,1,0,0
333,1,0,1,1,0,1,1,1
48,1,0,1,1,0,1,1,1
65,0,0,1,0,1,0,0,1
711,1,0,1,0,1,1,0,1
205,0,0,1,1,0,0,1,1
410,1,0,1,0,1,1,0,1
474,1,0,1,0,1,1,0,1
299,1,0,1,0,0,1,2,1
524,0,0,1,0,1,0,0,1
385,1,0,1,1,0,1,1,1
504,0,1,0,0,1,0,0,0
190,1,0,1,0,1,1,0,1
456,1,0,1,1,0,1,1,1
206,1,0,1,1,0,1,1,1
304,0,0,1,1,0,0,1,1
264,1,0,1,0,0,1,2,1
899,0,0,1,0,1,0,0,1
257,1,0,0,0,1,1,0,2
218,1,0,1,0,1,1,0,1
327,1,1,0,0,1,1,0,0
263,1,0,1,0,1,1,0,1
272,0,0,1,1,0,0,1,1
195,1,0,1,1,0,1,1,1
292,1,0,1,0,1,1,0,1
303,1,0,1,1,0,1,1,1
377,0,0,1,0,1,0,0,1
419,1,0,1,0,0,1,2,1
291,1,0,1,0,1,1,0,1
266,0,0,1,0,0,0,2,1
61,1,0,1,1,0,1,1,1
264,1,0,1,0,1,1,0,1
734,0,0,1,1,0,0,1,1
344,0,0,1,1,0,0,1,1
242,0,0,1,0,1,0,0,1
445,1,0,1,0,0,1,2,1
330,0,0,1,0,0,0,2,1
86,1,0,1,0,1,1,0,1
599,0,0,1,0,1,0,0,1
237,1,0,1,0,0,1,2,1
322,1,0,1,0,0,1,2,1
268,1,0,1,0,1,1,0,1
455,1,0,1,0,1,1,0,1
537,0,0,1,0,1,0,0,1
259,0,1,0,1,0,0,1,0
60,1,0,1,0,1,1,0,1
945,1,0,1,1,0,1,1,1
82,1,0,1,0,0,1,2,1
464,1,1,0,0,1,1,0,0
390,1,1,0,0,1,1,0,0
167,0,0,0,0,1,0,0,2
343,1,0,1,0,1,1,0,1
287,1,0,1,0,0,1,2,1
388,0,0,1,0,0,0,2,1
288,1,1,0,1,0,1,1,0
372,1,0,1,1,0,1,1,1
288,0,0,1,0,0,0,2,1
456,1,0,1,0,1,1,0,1
738,1,0,1,0,0,1,2,1
184,1,0,1,0,1,1,0,1
299,1,0,1,0,0,1,2,1
426,0,0,1,0,0,0,2,1
351,1,0,1,1,0,1,1,1
486,1,0,1,0,1,1,0,1
340,1,0,1,0,1,1,0,1
459,1,0,1,0,1,1,0,1
151,1,0,1,0,0,1,2,1
421,1,0,1,0,0,1,2,1
231,0,0,1,0,0,0,2,1
402,1,1,0,0,1,1,0,0
511,1,0,1,1,0,1,1,1
380,0,0,1,0,1,0,0,1
523,1,0,1,0,1,1,0,1
42,0,0,1,0,0,0,2,1
453,1,0,1,0,1,1,0,1
450,1,0,1,1,0,1,1,1
299,1,0,1,0,1,1,0,1
267,1,0,1,0,1,1,0,1
459,0,0,1,0,1,0,0,1
307,1,0,1,0,1,1,0,1
387,0,0,1,0,1,0,0,1
260,1,1,0,0,1,1,0,0
471,1,0,1,1,0,1,1,1
403,1,1,0,1,0,1,1,0
303,0,1,0,0,1,0,0,0
283,1,0,1,0,1,1,0,1
342,0,0,1,0,0,0,2,1
759,1,0,1,0,0,1,2,1
464,1,0,1,0,1,1,0,1
43,1,0,1,0,1,1,0,1
228,0,0,0,0,1,0,0,2
508,1,0,1,1,0,1,1,1
474,1,0,0,0,1,1,0,2
392,0,0,1,0,1,0,0,1
462,1,0,1,0,0,1,2,1
415,1,0,1,0,1,1,0,1
221,1,0,1,0,1,1,0,1
214,1,0,1,0,1,1,0,1
543,0,0,1,0,0,0,2,1
470,1,0,1,0,1,1,0,1
235,0,1,0,0,1,0,0,0
458,0,0,1,0,1,0,0,1
871,0,0,0,0,0,0,2,2
391,1,1,0,0,1,1,0,0
59,1,0,1,0,1,1,0,1
352,1,0,1,1,0,1,1,1
362,1,0,1,0,1,1,0,1
344,0,0,1,0,0,0,2,1
363,1,0,1,0,0,1,2,1
262,1,0,1,0,0,1,2,1
485,1,0,1,0,1,1,0,1
478,1,0,1,1,0,1,1,1
343,1,0,1,0,0,1,2,1
929,0,1,0,0,1,0,0,0
411,0,0,1,0,1,0,0,1
535,1,0,1,0,0,1,2,1
407,0,0,1,0,0,0,2,1
230,1,0,1,0,1,1,0,1
119,0,0,1,0,1,0,0,1
168,0,0,1,0,1,0,0,1
367,1,0,1,0,0,1,2,1
44,1,0,1,1,0,1,1,1
350,1,0,1,1,0,1,1,1
302,1,0,1,1,0,1,1,1
227,0,0,1,0,1,0,0,1
399,1,1,0,1,0,1,1,0
219,0,0,1,0,1,0,0,1
469,0,0,1,0,1,0,0,1
298,0,1,0,0,1,0,0,0
78,1,0,1,0,0,1,2,1
289,1,0,1,0,1,1,0,1
289,1,0,1,0,1,1,0,1
172,0,0,1,0,1,0,0,1
441,1,1,0,0,0,1,2,0
85,1,0,1,0,1,1,0,1
889,1,0,1,0,1,1,0,1
189,0,1,0,0,0,0,2,0
353,0,1,0,0,0,0,2,0
461,1,0,1,1,0,1,1,1
125,1,0,1,1,0,1,1,1
297,1,0,1,0,1,1,0,1
360,1,0,1,1,0,1,1,1
471,1,0,1,0,1,1,0,1
350,0,0,1,0,1,0,0,1
91,1,0,1,0,0,1,2,1
501,1,0,1,1,0,1,1,1
170,0,0,1,0,0,0,2,1
485,0,1,0,1,0,0,1,0
274,0,0,1,0,1,0,0,1
269,0,0,1,0,1,0,0,1
260,1,0,1,0,0,1,2,1
477,1,0,1,1,0,1,1,1
33,0,0,1,0,1,0,0,1
288,1,0,1,0,0,1,2,1
148,1,0,1,0,1,1,0,1
594,1,1,0,0,1,1,0,0
371,1,0,1,0,0,1,2,1
442,1,0,1,0,1,1,0,1
361,1,1,0,0,0,1,2,0
332,1,1,0,1,0,1,1,0
259,1,0,1,0,1,1,0,1
414,1,0,1,0,0,1,2,1
185,1,0,1,1,0,1,1,1
414,1,1,0,0,1,1,0,0
369,1,0,1,0,1,1,0,1
180,1,0,1,0,1,1,0,1
331,1,0,1,0,1,1,0,1
284,1,0,1,0,0,1,2,1
422,1,0,1,0,1,1,0,1
362,1,0,1,0,0,1,2,1
390,0,0,1,1,0,0,1,1
363,1,0,1,0,0,1,2,1
387,1,0,1,1,0,1,1,1
277,1,0,1,0,1,1,0,1
374,0,0,1,0,1,0,0,1
206,1,0,1,0,1,1,0,1
323,1,0,1,0,1,1,0,1
421,0,0,1,1,0,0,1,1
265,0,0,1,0,1,0,0,1
318,1,0,1,0,1,1,0,1
379,1,0,1,0,1,1,0,1
212,1,0,1,0,0,1,2,1
272,1,0,1,0,1,1,0,1
731,0,0,1,0,1,0,0,1
494,1,0,1,1,0,1,1,1
222,0,1,0,0,1,0,0,0
387,1,0,1,0,0,1,2,1
226,1,0,1,0,1,1,0,1
528,0,0,1,0,1,0,0,1
156,1,0,1,0,1,1,0,1
394,0,0,1,1,0,0,1,1
382,1,0,1,0,0,1,2,1
68,1,1,0,0,1,1,0,0
299,1,1,0,0,1,1,0,0
277,1,0,0,0,1,1,0,2
338,1,0,1,0,1,1,0,1
455,1,0,1,0,1,1,0,1
380,0,0,1,0,1,0,0,1
214,1,0,1,0,0,1,2,1
292,1,0,1,1,0,1,1,1
105,1,0,1,0,1,1,0,1
310,1,0,1,0,0,1,2,1
333,0,1,0,0,1,0,0,0
394,1,0,1,1,0,1,1,1
410,0,1,0,0,1,0,0,0
278,0,1,0,0,0,0,2,0
386,0,0,1,0,1,0,0,1
393,0,0,1,0,0,0,2,1
357,1,0,1,0,1,1,0,1
375,0,1,0,1,0,0,1,0
654,1,0,1,0,0,1,2,1
254,0,0,1,0,1,0,0,1
161,1,0,1,0,0,1,2,1
283,1,0,1,0,1,1,0,1
94,1,0,1,0,1,1,0,1
523,1,0,1,0,1,1,0,1
400,1,0,1,0,1,1,0,1
393,1,0,1,0,1,1,0,1
324,1,0,1,1,0,1,1,1
404,1,0,1,0,0,1,2,1
477,1,1,0,0,1,1,0,0
224,0,0,1,0,1,0,0,1
179,1,0,1,0,1,1,0,1
309,0,0,1,0,0,0,2,1
415,1,0,1,0,1,1,0,1
540,0,0,1,0,1,0,0,1
273,1,0,1,0,1,1,0,1
383,1,0,1,0,0,1,2,1
232,1,0,0,0,0,1,2,2
376,1,0,1,0,1,1,0,1
49,1,0,1,1,0,1,1,1
295,1,0,1,0,1,1,0,1
369,1,0,1,0,1,1,0,1
158,1,0,1,0,1,1,0,1
507,1,0,1,1,0,1,1,1
351,0,0,1,0,1,0,0,1
64,1,0,1,1,0,1,1,1
242,1,0,1,1,0,1,1,1
238,1,0,1,0,1,1,0,1
261,1,0,1,0,1,1,0,1
341,1,0,1,0,1,1,0,1
409,0,1,0,1,0,0,1,0
94,0,1,0,0,0,0,2,0
431,1,0,1,0,0,1,2,1
376,0,0,1,0,1,0,0,1
232,0,0,1,0,1,0,0,1
283,0,0,1,0,1,0,0,1
377,1,0,1,0,1,1,0,1
388,1,0,1,0,1,1,0,1
74,1,1,0,0,0,1,2,0
280,1,0,1,0,1,1,0,1
129,1,0,1,0,1,1,0,1
284,1,0,1,0,0,1,2,1
392,0,0,1,0,0,0,2,1
527,1,0,1,0,1,1,0,1
334,0,0,1,0,1,0,0,1
406,1,0,1,0,0,1,2,1
448,1,0,1,0,0,1,2,1
303,1,0,1,0,1,1,0,1
397,0,0,1,0,1,0,0,1
332,1,0,1,0,0,1,2,1
188,1,0,1,1,0,1,1,1
282,1,0,1,0,1,1,0,1
378,1,0,1,0,1,1,0,1
368,0,0,1,0,1,0,0,1
260,1,0,1,0,1,1,0,1
621,1,0,1,0,0,1,2,1
108,1,0,1,0,1,1,0,1
321,0,1,0,0,0,0,2,0
157,0,0,0,0,0,0,2,2
259,0,1,0,0,1,0,0,0
395,1,1,0,1,0,1,1,0
46,1,1,0,1,0,1,1,0
146,1,0,1,0,1,1,0,1
255,1,0,1,0,1,1,0,1
70,0,0,1,0,0,0,2,1
433,0,0,1,0,0,0,2,1
166,1,0,1,1,0,1,1,1
251,0,0,1,0,1,0,0,1
397,0,0,1,1,0,0,1,1
28,1,0,1,0,1,1,0,1
402,0,0,1,0,1,0,0,1
366,1,0,1,0,0,1,2,1
351,0,1,0,0,1,0,0,0
494,1,0,1,0,1,1,0,1
189,1,0,1,0,0,1,2,1
381,1,0,1,1,0,1,1,1
378,1,0,1,0,1,1,0,1
401,1,1,0,0,1,1,0,0
404,0,0,1,1,0,0,1,1
317,1,0,1,1,0,1,1,1
648,0,0,1,0,1,0,0,1
478,0,0,1,1,0,0,1,1
435,0,0,1,0,1,0,0,1
458,1,0,0,0,1,1,0,2
878,1,0,1,0,1,1,0,1
379,1,0,1,0,1,1,0,1
941,1,0,1,0,1,1,0,1
343,1,0,1,0,1,1,0,1
98,1,1,0,0,1,1,0,0
333,1,0,1,0,1,1,0,1
422,1,0,1,0,1,1,0,1
179,0,0,1,1,0,0,1,1
391,1,1,0,0,1,1,0,0
438,1,0,1,0,1,1,0,1
281,0,1,0,0,1,0,0,0
139,1,0,1,0,1,1,0,1
373,1,0,1,0,1,1,0,1
331,1,0,1,0,0,1,2,1
519,0,0,1,0,1,0,0,1
251,0,0,1,0,0,0,2,1
387,1,0,1,0,1,1,0,1
533,1,0,1,0,1,1,0,1
281,0,0,1,1,0,0,1,1
399,1,0,1,1,0,1,1,1
507,1,0,1,0,1,1,0,1
54,1,0,1,0,0,1,2,1
464,1,1,0,0,1,1,0,0
238,0,0,1,0,1,0,0,1
413,1,1,0,0,1,1,0,0
359,1,0,1,0,1,1,0,1
361,0,0,1,0,1,0,0,1
478,1,0,1,0,1,1,0,1
246,1,0,1,0,1,1,0,1
526,0,0,1,0,0,0,2,1
172,1,0,1,0,0,1,2,1
309,1,0,1,0,1,1,0,1
510,0,0,1,0,1,0,0,1
223,1,0,1,1,0,1,1,1
269,0,0,1,1,0,0,1,1
521,1,0,0,0,1,1,0,2
378,1,0,1,0,1,1,0,1
696,0,0,1,0,1,0,0,1
282,0,0,1,0,1,0,0,1
491,0,0,1,0,1,0,0,1
315,1,0,1,0,1,1,0,1
906,1,0,1,0,1,1,0,1
382,1,0,1,1,0,1,1,1
450,1,0,1,0,1,1,0,1
383,0,0,1,0,1,0,0,1
306,1,0,1,0,1,1,0,1
362,1,0,1,1,0,1,1,1
194,1,0,1,0,1,1,0,1
329,0,0,1,0,0,0,2,1
360,0,0,0,0,0,0,2,2
440,0,0,1,1,0,0,1,1
420,1,0,1,1,0,1,1,1
442,1,0,1,0,1,1,0,1
414,1,0,1,0,1,1,0,1
190,0,0,1,0,1,0,0,1
290,0,0,1,0,1,0,0,1
220,1,0,1,0,1,1,0,1
430,1,0,1,0,1,1,0,1
250,1,0,1,0,0,1,2,1
240,1,1,0,0,1,1,0,0
124,1,0,1,0,0,1,2,1
440,0,0,1,0,0,0,2,1
359,1,0,1,0,1,1,0,1
313,0,1,0,0,1,0,0,0
344,0,0,1,0,0,0,2,1
537,1,0,1,0,1,1,0,1
293,1,0,1,0,1,1,0,1
151,0,0,1,0,1,0,0,1
302,1,0,0,0,1,1,0,2
336,1,0,1,1,0,1,1,1
79,0,0,1,0,1,0,0,1
295,1,0,1,1,0,1,1,1
220,0,0,1,0,0,0,2,1
347,1,0,1,0,0,1,2,1
126,1,0,1,0,0,1,2,1
386,1,1,0,0,0,1,2,0
74,1,0,1,0,1,1,0,1
241,1,0,1,0,1,1,0,1
369,0,1,0,0,0,0,2,0
376,1,0,1,0,1,1,0,1
302,1,0,1,0,1,1,0,1
599,0,0,0,0,1,0,0,2
327,1,0,1,0,0,1,2,1
259,0,0,1,0,0,0,2,1
247,1,0,1,1,0,1,1,1
533,0,0,1,0,0,0,2,1
224,0,0,1,1,0,0,1,1
385,1,0,1,1,0,1,1,1
273,1,0,1,1,0,1,1,1
322,1,0,1,0,1,1,0,1
368,1,1,0,0,0,1,2,0
420,1,0,1,0,0,1,2,1
501,0,0,1,0,1,0,0,1
239,1,0,1,0,0,1,2,1
321,1,0,1,0,1,1,0,1
103,1,0,0,0,1,1,0,2
210,0,0,1,0,0,0,2,1
51,1,0,1,1,0,1,1,1
417,0,1,0,1,0,0,1,0
318,0,0,1,0,1,0,0,1
62,1,0,1,0,1,1,0,1
396,1,0,1,0,1,1,0,1
382,0,0,1,0,0,0,2,1
389,0,0,1,0,1,0,0,1
415,0,0,1,0,1,0,0,1
385,1,0,1,0,1,1,0,1
52,0,0,1,0,1,0,0,1
435,1,0,1,0,1,1,0,1
184,1,0,1,0,0,1,2,1
431,0,0,1,0,1,0,0,1
79,1,1,0,0,1,1,0,0
479,1,0,1,0,1,1,0,1
502,1,0,1,0,0,1,2,1
371,1,1,0,1,0,1,1,0
466,1,0,1,1,0,1,1,1
460,1,0,1,0,0,1,2,1
204,1,1,0,1,0,1,1,0
270,1,0,0,0,1,1,0,2
193,0,1,0,0,1,0,0,0
344,1,0,1,0,1,1,0,1
323,0,0,1,0,1,0,0,1
143,0,0,1,0,1,0,0,1
172,0,0,1,1,0,0,1,1
343,0,0,1,1,0,0,1,1
49,1,0,1,0,1,1,0,1
478,1,0,1,0,1,1,0,1
289,0,0,1,1,0,0,1,1
179,1,0,1,0,1,1,0,1
601,0,0,1,0,1,0,0,1
480,0,0,1,0,1,0,0,1
112,1,0,1,0,0,1,2,1
379,1,0,1,0,1,1,0,1
331,1,0,1,1,0,1,1,1
624,1,0,1,0,0,1,2,1
521,1,0,1,1,0,1,1,1
285,1,0,1,0,1,1,0,1
396,1,0,1,1,0,1,1,1
239,0,0,1,0,1,0,0,1
333,1,0,1,0,0,1,2,1
210,0,1,0,0,1,0,0,0
336,0,0,1,0,0,0,2,1
128,0,0,1,0,1,0,0,1
429,1,0,1,1,0,1,1,1
389,1,0,1,1,0,1,1,1
627,1,0,1,0,0,1,2,1
275,1,0,1,1,0,1,1,1
498,1,0,1,0,0,1,2,1
422,1,0,1,1,0,1,1,1
694,1,0,1,0,1,1,0,1
830,0,0,1,1,0,0,1,1
435,1,0,1,0,1,1,0,1
481,0,0,1,0,1,0,0,1
221,1,0,1,0,1,1,0,1
358,1,0,1,0,1,1,0,1
369,0,0,1,0,1,0,0,1
260,1,0,1,0,1,1,0,1
324,0,1,0,0,1,0,0,0
383,0,1,0,1,0,0,1,0
387,1,0,1,0,1,1,0,1
362,1,0,1,1,0,1,1,1
508,1,0,1,0,0,1,2,1
373,1,0,1,1,0,1,1,1
534,1,0,1,0,1,1,0,1
305,1,0,1,0,0,1,2,1
439,1,0,1,0,1,1,0,1
727,0,0,1,0,1,0,0,1
347,1,0,1,0,1,1,0,1
383,1,0,0,0,1,1,0,2
560,1,0,1,0,1,1,0,1
503,0,1,0,0,1,0,0,0
359,1,0,1,1,0,1,1,1
398,1,1,0,0,1,1,0,0
191,1,0,1,0,0,1,2,1
377,1,0,1,0,1,1,0,1
391,0,0,0,0,1,0,0,2
78,1,0,1,0,1,1,0,1
93,1,0,1,0,1,1,0,1
423,1,0,1,1,0,1,1,1
468,0,0,1,0,1,0,0,1
317,0,0,1,0,1,0,0,1
113,1,0,1,0,1,1,0,1
308,1,0,1,0,1,1,0,1
501,1,0,1,0,1,1,0,1
211,0,0,1,0,1,0,0,1
86,1,0,1,1,0,1,1,1
400,1,0,1,1,0,1,1,1
92,1,0,1,1,0,1,1,1
341,1,0,1,0,0,1,2,1
145,0,1,0,0,1,0,0,0
354,1,1,0,1,0,1,1,0
391,0,1,0,0,1,0,0,0
346,1,0,1,0,1,1,0,1
187,1,0,1,0,1,1,0,1
387,0,1,0,0,1,0,0,0
402,0,0,1,0,1,0,0,1
488,0,0,1,0,1,0,0,1
113,0,0,1,0,1,0,0,1
284,1,0,1,0,1,1,0,1
444,1,0,1,0,1,1,0,1
282,1,0,1,1,0,1,1,1
454,0,0,1,0,0,0,2,1
144,0,0,1,1,0,0,1,1
401,1,0,1,0,0,1,2,1
413,0,0,1,1,0,0,1,1
228,1,0,1,0,0,1,2,1
402,1,1,0,1,0,1,1,0
418,1,0,1,0,1,1,0,1
447,1,0,1,0,1,1,0,1
561,0,1,0,1,0,0,1,0
171,0,1,0,1,0,0,1,0
334,1,0,1,1,0,1,1,1
381,1,0,1,0,1,1,0,1
288,1,0,1,0,0,1,2,1
289,0,0,1,0,1,0,0,1
224,0,0,0,0,1,0,0,2
348,1,0,1,0,0,1,2,1
464,1,1,0,0,1,1,0,0
336,1,0,1,1,0,1,1,1
515,0,0,1,0,1,0,0,1
279,0,0,1,0,0,0,2,1
411,0,0,1,0,1,0,0,1
140,1,0,1,1,0,1,1,1
330,1,0,1,1,0,1,1,1
557,1,0,1,0,1,1,0,1
335,1,0,0,0,0,1,2,2
337,1,0,1,0,0,1,2,1
305,0,0,1,0,1,0,0,1
280,1,0,1,1,0,1,1,1
349,1,0,1,0,0,1,2,1
193,1,0,1,0,1,1,0,1
465,0,1,0,0,1,0,0,0
457,1,0,1,0,1,1,0,1
44,1,0,1,0,1,1,0,1
695,0,0,1,1,0,0,1,1
121,0,0,1,1,0,0,1,1
479,1,0,1,0,1,1,0,1
165,1,0,1,0,1,1,0,1
423,1,0,1,1,0,1,1,1
572,1,1,0,0,1,1,0,0
341,1,0,1,0,1,1,0,1
471,1,0,1,1,0,1,1,1
338,0,0,1,1,0,0,1,1
700,0,0,1,0,0,0,2,1
458,0,0,1,0,0,0,2,1
262,1,0,1,1,0,1,1,1
241,1,0,1,0,0,1,2,1
531,1,0,1,1,0,1,1,1
453,1,0,0,0,1,1,0,2
391,1,0,1,0,1,1,0,1
472,0,0,1,0,0,0,2,1
319,1,0,1,0,0,1,2,1
453,1,0,1,0,1,1,0,1
215,1,0,1,0,1,1,0,1
422,1,0,1,0,1,1,0,1
207,1,0,1,0,0,1,2,1
357,1,0,1,1,0,1,1,1
233,0,0,1,0,1,0,0,1
354,1,0,1,0,0,1,2,1
354,0,0,1,1,0,0,1,1
254,0,0,1,1,0,0,1,1
344,1,0,1,0,1,1,0,1
308,1,1,0,0,1,1,0,0
473,1,0,1,0,1,1,0,1
205,1,0,1,0,1,1,0,1
266,0,0,1,0,0,0,2,1
75,1,0,1,0,1,1,0,1
244,1,0,1,0,0,1,2,1
253,0,0,1,1,0,0,1,1
313,1,0,0,0,1,1,0,2
241,0,0,1,0,1,0,0,1
428,0,0,1,0,1,0,0,1
436,0,0,1,0,1,0,0,1
258,1,1,0,0,1,1,0,0
527,1,0,1,0,0,1,2,1
103,1,0,1,0,1,1,0,1
452,1,0,1,0,0,1,2,1
320,1,0,1,0,1,1,0,1
267,1,0,0,0,0,1,2,2
142,1,0,1,0,1,1,0,1
209,1,0,0,0,1,1,0,2
519,1,0,1,0,1,1,0,1
288,0,1,0,0,1,0,0,0
605,1,0,1,0,1,1,0,1
216,0,1,0,0,1,0,0,0
462,1,0,1,0,1,1,0,1
351,0,0,1,1,0,0,1,1
54,1,0,1,0,1,1,0,1
346,1,0,1,0,1,1,0,1
377,0,0,1,1,0,0,1,1
373,0,1,0,0,1,0,0,0
368,0,0,1,0,0,0,2,1
440,1,0,1,0,1,1,0,1
63,1,0,1,1,0,1,1,1
467,1,1,0,1,0,1,1,0
342,1,0,1,0,1,1,0,1
391,1,0,1,0,1,1,0,1
475,1,0,1,0,1,1,0,1
489,0,0,1,0,0,0,2,1
422,1,0,1,0,0,1,2,1
534,1,0,1,0,0,1,2,1
397,1,0,1,0,1,1,0,1
45,1,0,1,1,0,1,1,1
331,1,0,1,0,1,1,0,1
518,1,1,0,0,1,1,0,0
359,1,0,1,0,1,1,0,1
419,1,0,1,0,0,1,2,1
309,1,1,0,0,1,1,0,0
323,1,0,1,1,0,1,1,1
451,0,0,1,0,1,0,0,1
300,0,0,1,1,0,0,1,1
213,1,0,1,0,0,1,2,1
503,0,0,1,0,1,0,0,1
484,0,1,0,1,0,0,1,0
124,1,0,1,0,1,1,0,1
316,1,0,1,0,0,1,2,1
230,0,0,1,1,0,0,1,1
341,1,0,1,0,0,1,2,1
372,1,0,1,0,1,1,0,1
76,1,0,1,0,1,1,0,1
565,1,0,1,0,1,1,0,1
477,1,0,1,1,0,1,1,1
334,1,0,1,0,1,1,0,1
243,0,0,1,1,0,0,1,1
423,1,0,1,1,0,1,1,1
271,0,0,1,1,0,0,1,1
452,1,0,1,0,0,1,2,1
58,1,1,0,0,1,1,0,0
183,1,0,1,0,0,1,2,1
327,0,0,0,0,1,0,0,2
275,0,0,1,1,0,0,1,1
292,1,0,1,0,0,1,2,1
333,1,0,1,0,1,1,0,1
202,1,1,0,1,0,1,1,0
455,1,0,1,0,1,1,0,1
332,1,1,0,1,0,1,1,0
236,1,0,1,0,0,1,2,1
30,0,0,1,0,0,0,2,1
45,0,0,1,0,1,0,0,1
164,1,1,0,1,0,1,1,0
369,1,0,1,0,1,1,0,1
275,0,0,1,0,1,0,0,1
668,1,0,1,0,1,1,0,1
501,0,0,1,0,0,0,2,1
202,1,0,1,0,0,1,2,1
50,1,0,1,0,0,1,2,1
147,1,0,1,0,1,1,0,1
399,1,0,1,0,1,1,0,1
187,0,0,1,1,0,0,1,1
724,1,0,1,1,0,1,1,1
331,1,0,0,1,0,1,1,2
334,0,1,0,0,1,0,0,0
770,0,0,1,0,1,0,0,1
131,0,0,1,0,1,0,0,1
379,0,0,1,1,0,0,1,1
339,1,1,0,0,1,1,0,0
304,1,0,1,0,1,1,0,1
270,1,0,0,1,0,1,1,2
453,1,0,1,0,1,1,0,1
360,1,0,1,0,0,1,2,1
472,1,0,1,0,1,1,0,1
289,1,0,1,0,0,1,2,1
331,0,0,1,0,1,0,0,1
779,1,0,1,1,0,1,1,1
245,1,0,1,1,0,1,1,1
409,1,0,1,0,1,1,0,1
250,1,0,1,0,1,1,0,1
336,1,0,1,0,0,1,2,1
342,1,0,1,0,1,1,0,1
294,1,0,1,0,1,1,0,1
601,1,0,1,0,0,1,2,1
346,0,0,1,0,1,0,0,1
325,1,0,1,0,1,1,0,1
200,1,0,1,1,0,1,1,1
86,0,0,1,0,1,0,0,1
324,1,0,1,1,0,1,1,1
336,0,0,1,0,1,0,0,1
416,1,0,1,0,1,1,0,1
379,1,0,1,1,0,1,1,1
267,0,1,0,1,0,0,1,0
549,1,0,1,0,1,1,0,1
195,1,0,1,0,1,1,0,1
52,1,0,1,1,0,1,1,1
303,1,0,1,1,0,1,1,1
58,1,0,1,1,0,1,1,1
411,0,0,1,0,0,0,2,1
57,1,0,1,1,0,1,1,1
362,0,0,1,0,1,0,0,1
326,0,1,0,1,0,0,1,0
29,1,0,1,0,1,1,0,1
331,1,0,1,0,1,1,0,1
384,1,0,1,1,0,1,1,1
315,1,0,1,0,0,1,2,1
226,1,0,1,0,0,1,2,1
563,1,0,1,0,0,1,2,1
277,1,0,1,1,0,1,1,1
320,0,0,1,0,1,0,0,1
458,1,1,0,1,0,1,1,0
148,1,0,1,0,0,1,2,1
440,0,0,1,0,1,0,0,1
82,1,1,0,0,1,1,0,0
380,1,0,1,0,0,1,2,1
107,1,0,1,0,1,1,0,1
31,0,0,1,1,0,0,1,1
423,1,0,1,0,0,1,2,1
618,1,0,1,0,1,1,0,1
423,0,0,1,0,0,0,2,1
196,0,1,0,0,1,0,0,0
181,1,0,1,0,0,1,2,1
194,0,1,0,0,1,0,0,0
295,0,0,1,0,1,0,0,1
449,0,0,1,0,1,0,0,1
603,0,0,1,0,1,0,0,1
308,1,0,0,0,1,1,0,2
388,1,0,1,1,0,1,1,1
433,0,0,1,0,1,0,0,1
270,1,0,1,0,1,1,0,1
318,0,0,1,0,0,0,2,1
426,1,0,1,1,0,1,1,1
480,1,0,1,0,0,1,2,1
136,1,0,1,0,0,1,2,1
364,1,0,1,0,1,1,0,1
215,1,0,1,0,1,1,0,1
399,1,0,1,0,0,1,2,1
298,1,1,0,0,1,1,0,0
332,1,0,1,0,0,1,2,1
139,1,0,1,1,0,1,1,1
411,1,0,1,1,0,1,1,1
227,1,0,1,0,1,1,0,1
732,1,0,1,0,1,1,0,1
483,0,0,1,0,1,0,0,1
499,1,0,1,0,1,1,0,1
364,0,0,1,1,0,0,1,1
273,0,0,1,0,1,0,0,1
461,1,0,1,0,1,1,0,1
433,0,0,1,0,1,0,0,1
852,0,0,1,1,0,0,1,1
391,1,0,1,1,0,1,1,1
436,1,0,1,1,0,1,1,1
248,1,0,0,0,1,1,0,2
628,0,0,1,0,1,0,0,1
159,0,0,1,0,1,0,0,1
28,1,0,1,0,1,1,0,1
440,1,1,0,0,1,1,0,0
390,1,1,0,0,1,1,0,0
136,0,0,1,0,1,0,0,1
125,1,0,1,0,1,1,0,1
673,1,0,1,1,0,1,1,1
342,1,0,1,1,0,1,1,1
258,0,1,0,1,0,0,1,0
349,1,0,1,0,1,1,0,1
480,1,0,1,0,1,1,0,1
558,0,0,1,0,1,0,0,1
416,0,0,1,0,1,0,0,1
320,0,0,1,0,0,0,2,1
256,0,0,1,1,0,0,1,1
352,1,0,1,1,0,1,1,1
355,1,1,0,1,0,1,1,0
266,1,0,1,0,1,1,0,1
432,0,0,1,0,1,0,0,1
133,0,0,1,0,1,0,0,1
318,0,0,1,0,1,0,0,1
392,0,0,1,0,1,0,0,1
530,1,1,0,1,0,1,1,0
283,0,0,0,0,0,0,2,2
260,1,0,1,0,1,1,0,1
363,1,0,1,0,1,1,0,1
295,1,0,1,0,0,1,2,1
426,0,0,1,1,0,0,1,1
296,1,0,1,0,1,1,0,1
271,1,0,1,0,1,1,0,1
85,1,0,1,0,1,1,0,1
355,0,0,1,1,0,0,1,1
386,1,0,1,1,0,1,1,1
213,0,1,0,1,0,0,1,0
473,1,0,1,1,0,1,1,1
133,1,0,1,1,0,1,1,1
349,1,0,1,0,1,1,0,1
46,1,0,1,0,1,1,0,1
717,0,0,1,0,1,0,0,1
579,1,0,1,0,1,1,0,1
353,0,0,1,0,1,0,0,1
417,0,0,1,0,1,0,0,1
335,1,0,1,0,1,1,0,1
354,1,0,1,1,0,1,1,1
298,1,0,1,0,1,1,0,1
306,1,1,0,0,1,1,0,0
232,1,0,1,0,1,1,0,1
460,0,0,1,1,0,0,1,1
453,0,0,1,0,1,0,0,1
406,1,0,1,0,1,1,0,1
477,1,0,1,0,1,1,0,1
386,1,1,0,0,1,1,0,0
476,1,0,1,1,0,1,1,1
405,0,0,1,1,0,0,1,1
296,1,0,1,0,1,1,0,1
51,1,0,1,0,1,1,0,1
255,1,0,1,0,1,1,0,1
274,1,0,1,0,1,1,0,1
520,0,0,1,0,0,0,2,1
185,0,0,1,0,0,0,2,1
755,1,0,1,0,1,1,0,1
204,1,0,1,0,0,1,2,1
175,0,0,1,1,0,0,1,1
360,1,1,0,0,0,1,2,0
434,1,0,1,0,0,1,2,1
412,0,0,1,0,1,0,0,1
158,1,0,1,0,1,1,0,1
533,0,0,1,0,0,0,2,1
368,1,0,1,0,0,1,2,1
293,1,0,1,0,0,1,2,1
48,1,0,1,0,1,1,0,1
64,1,0,1,1,0,1,1,1
782,0,0,1,0,1,0,0,1
328,1,0,1,1,0,1,1,1
74,0,0,1,1,0,0,1,1
256,0,1,0,0,0,0,2,0
222,1,0,1,1,0,1,1,1
365,1,0,1,0,1,1,0,1
63,0,0,1,0,0,0,2,1
326,1,1,0,0,1,1,0,0
354,1,0,1,0,1,1,0,1
338,0,0,1,0,1,0,0,1
333,1,0,1,0,1,1,0,1
225,1,0,1,1,0,1,1,1
230,0,0,1,1,0,0,1,1
277,1,0,1,0,1,1,0,1
68,1,1,0,0,1,1,0,0
439,0,0,1,0,1,0,0,1
155,0,0,1,0,1,0,0,1
448,0,0,1,0,0,0,2,1
313,1,0,1,0,1,1,0,1
539,0,0,1,0,1,0,0,1
232,1,0,1,0,0,1,2,1
159,0,0,1,0,0,0,2,1
390,1,0,0,0,1,1,0,2
371,0,0,1,0,0,0,2,1
59,1,0,1,0,1,1,0,1
398,1,0,1,1,0,1,1,1
560,0,0,1,1,0,0,1,1
315,0,0,1,0,1,0,0,1
436,1,0,1,1,0,1,1,1
477,0,1,0,0,0,0,2,0
292,1,0,1,0,1,1,0,1
432,1,0,1,0,1,1,0,1
576,0,0,1,0,0,0,2,1
371,1,0,1,0,1,1,0,1
434,1,1,0,1,0,1,1,0
313,0,0,1,0,1,0,0,1
263,1,0,1,0,1,1,0,1
41,1,0,1,0,0,1,2,1
313,1,0,1,0,0,1,2,1
243,0,0,1,1,0,0,1,1
333,0,0,1,0,1,0,0,1
282,1,0,1,0,1,1,0,1
464,1,1,0,0,1,1,0,0
444,1,0,1,0,1,1,0,1
319,1,0,1,1,0,1,1,1
491,0,0,1,0,0,0,2,1
423,0,0,1,1,0,0,1,1
458,0,1,0,0,1,0,0,0
672,1,0,0,0,0,1,2,2
162,1,0,1,0,1,1,0,1
465,0,0,1,0,1,0,0,1
164,0,0,1,0,0,0,2,1
235,0,0,1,0,1,0,0,1
376,1,0,1,0,1,1,0,1
388,0,0,1,0,1,0,0,1
303,1,0,1,0,1,1,0,1
309,1,0,1,0,1,1,0,1
442,0,0,1,0,0,0,2,1
515,1,0,1,0,1,1,0,1
407,0,1,0,0,0,0,2,0
485,0,0,1,1,0,0,1,1
790,0,0,1,0,0,0,2,1
257,1,0,1,0,1,1,0,1
435,1,0,1,0,0,1,2,1
461,1,0,1,1,0,1,1,1
307,1,0,1,1,0,1,1,1
409,1,0,1,0,1,1,0,1
302,0,0,0,1,0,0,1,2
176,1,0,1,0,1,1,0,1
207,1,0,0,1,0,1,1,2
218,1,1,0,1,0,1,1,0
204,1,1,0,1,0,1,1,0
294,1,0,1,0,1,1,0,1
232,1,0,1,1,0,1,1,1
406,0,0,1,0,1,0,0,1
354,1,1,0,0,1,1,0,0
150,0,1,0,0,0,0,2,0
67,1,0,1,1,0,1,1,1
276,0,0,1,1,0,0,1,1
288,1,0,1,1,0,1,1,1
218,1,0,1,1,0,1,1,1
81,1,0,1,1,0,1,1,1
404,1,0,1,0,0,1,2,1
47,1,0,1,0,1,1,0,1
670,1,0,1,1,0,1,1,1
236,0,1,0,0,1,0,0,0
275,1,0,1,0,0,1,2,1
379,1,0,1,1,0,1,1,1
366,0,0,1,1,0,0,1,1
429,1,0,1,0,1,1,0,1
493,1,1,0,0,1,1,0,0
381,1,1,0,1,0,1,1,0
132,1,0,1,0,1,1,0,1
269,1,0,1,0,0,1,2,1
419,1,0,1,1,0,1,1,1
454,1,0,1,1,0,1,1,1
422,1,0,1,1,0,1,1,1
89,0,0,1,0,0,0,2,1
377,0,0,1,1,0,0,1,1
58,1,0,1,0,1,1,0,1
506,0,0,1,0,0,0,2,1
73,1,0,1,1,0,1,1,1
498,1,0,1,0,0,1,2,1
454,1,1,0,0,1,1,0,0
428,1,0,1,1,0,1,1,1
421,1,0,1,0,0,1,2,1
257,1,1,0,1,0,1,1,0
488,0,0,1,0,1,0,0,1
43,1,0,1,0,1,1,0,1
241,1,1,0,0,1,1,0,0
420,0,0,0,0,1,0,0,2
453,0,0,1,0,1,0,0,1
122,1,0,1,0,1,1,0,1
271,1,0,1,0,1,1,0,1
255,1,0,1,0,0,1,2,1
457,0,0,1,0,0,0,2,1
532,1,0,1,0,1,1,0,1
445,1,0,1,0,1,1,0,1
416,1,0,1,0,1,1,0,1
219,0,1,0,0,1,0,0,0
273,1,0,1,0,0,1,2,1
359,1,0,1,0,1,1,0,1
317,1,0,1,0,1,1,0,1
406,1,0,1,0,1,1,0,1
464,0,0,1,0,1,0,0,1
381,1,1,0,0,1,1,0,0
63,0,0,1,0,0,0,2,1
361,1,0,1,0,1,1,0,1
402,0,0,1,1,0,0,1,1
232,1,0,1,0,1,1,0,1
333,0,0,1,0,1,0,0,1
336,0,0,1,1,0,0,1,1
247,1,0,1,0,0,1,2,1
513,0,0,1,0,1,0,0,1
562,1,0,1,1,0,1,1,1
399,1,0,1,0,0,1,2,1
439,1,0,1,0,1,1,0,1
354,1,0,1,0,1,1,0,1
285,1,0,1,0,0,1,2,1
256,1,1,0,0,0,1,2,0
178,1,0,1,0,1,1,0,1
385,0,0,1,1,0,0,1,1
658,1,1,0,0,1,1,0,0
798,1,0,1,0,1,1,0,1
111,0,0,1,0,1,0,0,1
219,1,0,1,0,1,1,0,1
209,1,0,1,0,1,1,0,1
322,0,0,1,0,1,0,0,1
320,0,0,1,1,0,0,1,1
518,1,1,0,0,1,1,0,0
130,1,0,0,0,1,1,0,2
561,0,0,1,0,0,0,2,1
142,0,0,1,0,1,0,0,1
309,1,0,1,0,1,1,0,1
403,1,0,1,0,1,1,0,1
425,0,0,1,0,1,0,0,1
206,1,1,0,1,0,1,1,0
160,0,0,1,0,1,0,0,1
268,1,0,1,1,0,1,1,1
307,1,0,1,0,0,1,2,1
118,1,0,1,0,1,1,0,1
316,1,0,1,0,1,1,0,1
259,1,0,1,0,0,1,2,1
384,1,1,0,0,1,1,0,0
438,1,0,1,1,0,1,1,1
346,1,0,1,0,0,1,2,1
315,0,1,0,0,1,0,0,0
71,1,0,1,0,1,1,0,1
291,1,0,1,0,1,1,0,1
373,1,0,1,1,0,1,1,1
400,1,0,1,0,1,1,0,1
143,1,0,1,1,0,1,1,1
240,1,0,1,0,1,1,0,1
415,1,0,1,0,0,1,2,1
338,0,0,1,1,0,0,1,1
255,0,0,1,0,0,0,2,1
414,1,0,0,0,1,1,0,2
134,1,0,1,1,0,1,1,1
340,0,1,0,0,1,0,0,0
492,1,0,1,1,0,1,1,1
350,1,0,1,0,1,1,0,1
367,1,0,1,0,1,1,0,1
382,1,0,1,1,0,1,1,1
491,1,0,1,0,1,1,0,1
419,1,0,1,0,0,1,2,1
168,1,0,1,0,1,1,0,1
415,0,0,1,0,1,0,0,1
277,0,0,1,0,1,0,0,1
27,1,0,1,0,1,1,0,1
332,0,0,1,1,0,0,1,1
35,1,0,1,0,0,1,2,1
250,1,0,1,0,1,1,0,1
418,1,0,1,0,1,1,0,1
166,0,1,0,1,0,0,1,0
390,1,1,0,0,1,1,0,0
257,1,0,1,1,0,1,1,1
273,1,0,1,0,1,1,0,1
400,1,0,1,0,1,1,0,1
188,1,0,1,0,1,1,0,1
287,0,0,1,1,0,0,1,1
325,1,0,1,0,1,1,0,1
280,0,0,1,0,1,0,0,1
335,0,0,1,0,1,0,0,1
452,0,0,1,0,1,0,0,1
44,1,0,1,0,1,1,0,1
403,1,0,1,0,0,1,2,1
201,1,0,1,0,1,1,0,1
205,1,0,1,0,1,1,0,1
259,1,1,0,0,1,1,0,0
208,0,0,1,0,1,0,0,1
435,1,0,1,0,1,1,0,1
271,0,0,1,1,0,0,1,1
367,1,0,1,0,1,1,0,1
198,1,0,1,1,0,1,1,1
400,0,0,1,0,1,0,0,1
783,1,0,1,0,1,1,0,1
129,1,0,1,0,1,1,0,1
195,1,1,0,0,1,1,0,0
78,0,0,1,1,0,0,1,1
263,0,0,1,0,1,0,0,1
526,1,0,1,1,0,1,1,1
319,1,0,1,1,0,1,1,1
253,0,0,1,1,0,0,1,1
71,0,0,1,1,0,0,1,1
620,0,0,1,0,0,0,2,1
79,1,0,1,0,1,1,0,1
279,1,1,0,0,0,1,2,0
295,1,0,1,0,1,1,0,1
303,0,0,1,0,1,0,0,1
347,1,0,1,0,0,1,2,1
393,1,0,1,0,1,1,0,1
293,1,0,1,0,1,1,0,1
382,1,0,1,0,1,1,0,1
475,1,0,1,0,0,1,2,1
139,1,0,0,0,1,1,0,2
494,1,0,1,0,1,1,0,1
371,0,0,1,0,1,0,0,1
246,1,0,1,0,1,1,0,1
377,0,0,1,0,1,0,0,1
424,0,0,1,0,1,0,0,1
378,0,0,1,0,0,0,2,1
439,0,0,1,0,1,0,0,1
330,1,1,0,0,1,1,0,0
331,0,0,1,0,1,0,0,1
223,1,0,1,1,0,1,1,1
422,1,0,1,0,1,1,0,1
380,1,0,1,0,1,1,0,1
291,1,1,0,0,0,1,2,0
490,1,0,0,0,0,1,2,2
400,0,1,0,1,0,0,1,0
342,0,0,1,1,0,0,1,1
330,0,0,1,0,1,0,0,1
371,0,0,1,0,1,0,0,1
487,0,0,1,0,1,0,0,1
381,1,0,1,0,0,1,2,1
350,0,1,0,1,0,0,1,0
114,1,0,1,0,1,1,0,1
321,1,1,0,0,0,1,2,0
56,0,0,1,0,1,0,0,1
420,1,0,1,0,1,1,0,1
255,0,0,1,0,1,0,0,1
145,1,0,1,0,1,1,0,1
233,0,0,1,0,0,0,2,1
332,1,0,1,0,1,1,0,1
270,1,0,1,0,0,1,2,1
424,1,0,1,0,1,1,0,1
346,0,0,1,0,1,0,0,1
103,0,0,1,0,1,0,0,1
460,1,0,1,0,1,1,0,1
230,0,0,1,0,1,0,0,1
201,0,0,1,0,0,0,2,1
702,1,0,1,0,1,1,0,1
43,0,0,1,1,0,0,1,1
192,0,0,1,0,1,0,0,1
489,1,1,0,0,1,1,0,0
501,1,0,1,0,0,1,2,1
348,1,0,1,0,0,1,2,1
252,1,0,1,1,0,1,1,1
189,1,0,1,0,0,1,2,1
260,1,0,1,0,1,1,0,1
279,1,0,1,0,1,1,0,1
334,1,1,0,0,0,1,2,0
220,1,0,1,0,1,1,0,1
497,0,0,1,0,1,0,0,1
405,1,0,1,0,1,1,0,1
248,1,0,1,0,1,1,0,1
136,0,1,0,1,0,0,1,0
546,1,0,1,1,0,1,1,1
149,1,0,1,0,1,1,0,1
319,1,0,1,0,1,1,0,1
401,1,0,1,0,0,1,2,1
295,1,1,0,0,0,1,2,0
368,0,0,1,0,0,0,2,1
370,1,0,0,0,1,1,0,2
52,1,0,1,1,0,1,1,1
665,0,0,1,0,0,0,2,1
299,1,0,1,0,1,1,0,1
240,1,1,0,0,0,1,2,0
585,1,0,1,0,1,1,0,1
205,1,0,1,1,0,1,1,1
313,1,0,1,0,1,1,0,1
278,1,0,1,0,1,1,0,1
377,0,0,1,0,1,0,0,1
666,1,1,0,0,1,1,0,0
295,1,0,1,1,0,1,1,1
423,1,0,1,0,0,1,2,1
471,1,0,1,0,0,1,2,1
493,1,0,0,0,0,1,2,2
357,1,0,1,0,1,1,0,1
202,1,0,1,0,1,1,0,1
260,0,0,1,0,0,0,2,1
500,1,0,1,1,0,1,1,1
192,1,0,1,0,1,1,0,1
33,1,0,1,1,0,1,1,1
887,1,0,1,0,1,1,0,1
360,1,0,1,0,1,1,0,1
325,0,1,0,0,1,0,0,0
436,1,0,1,0,0,1,2,1
464,1,0,1,0,1,1,0,1
342,1,0,1,0,1,1,0,1
62,1,0,1,0,1,1,0,1
351,1,0,1,0,1,1,0,1
382,1,0,1,0,0,1,2,1
136,1,0,1,0,0,1,2,1
413,1,0,0,0,0,1,2,2
400,0,0,1,0,1,0,0,1
434,1,0,1,0,1,1,0,1
530,1,0,1,1,0,1,1,1
327,1,0,0,0,0,1,2,2
204,0,0,1,0,1,0,0,1
87,0,0,1,0,0,0,2,1
413,1,0,1,0,0,1,2,1
235,1,0,1,0,1,1,0,1
393,1,0,1,0,0,1,2,1
388,1,0,0,0,1,1,0,2
418,1,0,1,0,1,1,0,1
656,0,0,1,0,1,0,0,1
72,1,0,1,0,1,1,0,1
324,1,0,1,0,1,1,0,1
56,0,0,1,0,1,0,0,1
348,0,1,0,1,0,0,1,0
638,1,0,1,0,1,1,0,1
457,1,0,1,0,0,1,2,1
372,1,0,1,1,0,1,1,1
352,0,0,1,0,1,0,0,1
446,1,0,1,0,1,1,0,1
394,0,0,1,0,1,0,0,1
396,0,0,1,0,0,0,2,1
117,1,0,1,0,0,1,2,1
203,0,0,1,0,1,0,0,1
201,0,0,1,0,1,0,0,1
491,0,1,0,0,1,0,0,0
359,1,0,1,0,1,1,0,1
432,1,0,1,1,0,1,1,1
312,1,0,1,0,0,1,2,1
731,1,0,1,1,0,1,1,1
328,1,1,0,0,1,1,0,0
190,1,0,1,1,0,1,1,1
170,1,0,1,0,0,1,2,1
447,1,0,1,1,0,1,1,1
332,0,0,1,0,1,0,0,1
247,0,0,1,0,0,0,2,1
350,1,0,1,1,0,1,1,1
249,0,0,1,0,1,0,0,1
780,0,0,1,0,1,0,0,1
348,0,0,1,0,1,0,0,1
194,0,0,1,0,1,0,0,1
276,0,0,1,0,1,0,0,1
324,1,0,1,1,0,1,1,1
386,1,0,1,0,0,1,2,1
69,1,0,1,1,0,1,1,1
289,0,0,1,0,1,0,0,1
472,0,0,1,1,0,0,1,1
343,0,0,1,0,0,0,2,1
443,0,0,1,0,1,0,0,1
441,0,0,1,0,1,0,0,1
389,0,0,0,0,1,0,0,2
330,0,1,0,1,0,0,1,0
358,0,0,1,0,1,0,0,1
402,1,0,1,0,1,1,0,1
443,1,0,1,0,0,1,2,1
434,1,0,1,0,1,1,0,1
445,1,0,1,1,0,1,1,1
366,1,0,1,0,0,1,2,1
343,1,0,1,0,1,1,0,1
441,1,0,1,0,1,1,0,1
121,1,0,1,0,1,1,0,1
325,0,0,1,0,0,0,2,1
313,1,0,1,0,1,1,0,1
473,1,0,1,0,1,1,0,1
289,1,0,1,0,1,1,0,1
291,1,0,1,0,0,1,2,1
269,0,0,1,0,0,0,2,1
314,1,0,1,0,0,1,2,1
425,0,1,0,0,0,0,2,0
335,1,1,0,0,1,1,0,0
288,0,0,1,0,1,0,0,1
400,1,0,1,0,1,1,0,1
336,1,0,1,1,0,1,1,1
410,1,0,1,1,0,1,1,1
417,1,0,1,0,1,1,0,1
113,1,0,1,0,1,1,0,1
75,1,0,1,0,0,1,2,1
487,1,0,1,0,1,1,0,1
410,1,1,0,1,0,1,1,0
286,1,0,1,0,1,1,0,1
191,1,0,1,0,0,1,2,1
173,1,0,1,0,1,1,0,1
393,1,0,1,0,1,1,0,1
404,1,0,1,0,1,1,0,1
636,0,0,1,0,1,0,0,1
227,0,0,1,0,1,0,0,1
309,1,0,1,0,1,1,0,1
366,1,0,0,0,1,1,0,2
361,1,0,1,0,1,1,0,1
270,1,0,1,0,1,1,0,1
356,1,0,1,0,0,1,2,1
557,1,0,1,0,1,1,0,1
330,0,0,1,0,1,0,0,1
278,0,0,1,1,0,0,1,1
417,0,0,1,1,0,0,1,1
293,1,0,1,0,1,1,0,1
127,0,0,1,1,0,0,1,1
386,1,0,1,0,1,1,0,1
326,1,0,1,0,1,1,0,1
312,1,0,1,0,1,1,0,1
283,1,1,0,1,0,1,1,0
413,0,0,1,0,1,0,0,1
948,0,0,1,0,1,0,0,1
392,1,0,1,0,1,1,0,1
271,1,0,1,0,1,1,0,1
365,0,0,1,0,1,0,0,1
331,0,0,1,0,0,0,2,1
424,0,0,1,0,1,0,0,1
262,1,0,1,0,1,1,0,1
285,0,0,1,1,0,0,1,1
476,1,0,1,1,0,1,1,1
240,1,0,1,0,1,1,0,1
333,0,1,0,1,0,0,1,0
372,1,0,1,1,0,1,1,1
185,0,0,1,0,1,0,0,1
226,1,0,1,0,1,1,0,1
204,1,0,1,1,0,1,1,1
243,1,0,1,0,1,1,0,1
255,0,0,1,0,0,0,2,1
479,1,0,1,0,1,1,0,1
293,0,0,1,1,0,0,1,1
274,1,0,1,0,1,1,0,1
369,0,0,1,0,1,0,0,1
137,1,1,0,0,1,1,0,0
482,1,0,1,0,0,1,2,1
465,1,0,1,0,1,1,0,1
168,0,0,1,0,0,0,2,1
391,0,0,1,0,0,0,2,1
275,1,0,1,0,1,1,0,1
445,0,1,0,0,1,0,0,0
504,1,0,1,0,1,1,0,1
227,1,0,1,0,0,1,2,1
312,1,0,1,0,0,1,2,1
163,0,0,1,0,1,0,0,1
100,0,1,0,0,1,0,0,0
380,1,1,0,0,0,1,2,0
113,0,0,1,0,1,0,0,1
377,0,0,1,0,1,0,0,1
312,1,0,1,0,0,1,2,1
414,1,0,1,0,0,1,2,1
342,0,1,0,0,1,0,0,0
371,1,0,1,0,0,1,2,1
498,0,1,0,0,0,0,2,0
723,1,1,0,1,0,1,1,0
409,1,1,0,0,1,1,0,0
31,1,1,0,0,1,1,0,0
68,0,0,0,0,1,0,0,2
372,1,0,1,0,1,1,0,1
504,1,0,1,0,1,1,0,1
382,1,1,0,0,1,1,0,0
364,1,0,1,0,1,1,0,1
366,0,0,1,0,1,0,0,1
60,0,0,1,0,1,0,0,1
408,1,0,1,0,0,1,2,1
786,1,0,1,0,0,1,2,1
355,1,0,1,0,1,1,0,1
215,1,0,1,1,0,1,1,1
56,1,0,0,0,1,1,0,2
477,1,1,0,0,1,1,0,0
343,1,0,1,1,0,1,1,1
153,1,0,1,0,1,1,0,1
336,1,0,1,0,1,1,0,1
405,1,0,1,0,1,1,0,1
343,1,0,1,0,1,1,0,1
209,1,1,0,1,0,1,1,0
288,0,0,1,0,1,0,0,1
244,1,0,1,0,0,1,2,1
352,0,0,1,0,1,0,0,1
176,1,0,1,0,1,1,0,1
455,1,0,1,0,1,1,0,1
359,0,0,1,0,0,0,2,1
308,0,0,1,0,1,0,0,1
255,1,0,1,1,0,1,1,1
352,1,0,1,0,1,1,0,1
375,1,0,1,0,1,1,0,1
350,0,0,0,0,0,0,2,2
411,1,0,1,0,1,1,0,1
369,1,0,1,0,1,1,0,1
330,1,0,1,0,1,1,0,1
443,0,0,1,0,1,0,0,1
101,1,1,0,0,1,1,0,0
517,1,0,1,0,1,1,0,1
515,0,0,1,0,1,0,0,1
70,1,0,1,0,0,1,2,1
393,1,0,1,1,0,1,1,1
528,1,0,1,0,0,1,2,1
389,1,0,1,0,0,1,2,1
88,0,0,1,1,0,0,1,1
359,1,0,1,0,0,1,2,1
314,0,0,1,0,0,0,2,1
448,0,0,1,1,0,0,1,1
392,0,0,1,0,1,0,0,1
246,0,0,1,0,0,0,2,1
396,0,0,1,0,1,0,0,1
150,0,0,1,0,1,0,0,1
506,0,0,1,0,1,0,0,1
385,0,0,1,0,0,0,2,1
57,0,0,1,0,0,0,2,1
182,1,0,1,0,1,1,0,1
350,1,0,1,1,0,1,1,1
242,1,0,1,1,0,1,1,1
182,0,0,1,1,0,0,1,1
397,0,0,1,0,1,0,0,1
293,0,0,1,0,1,0,0,1
317,1,0,1,0,1,1,0,1
130,1,0,0,0,0,1,2,2
302,0,0,1,0,0,0,2,1
430,0,1,0,0,1,0,0,0
411,1,0,1,0,1,1,0,1
86,0,0,1,0,1,0,0,1
412,1,0,1,0,1,1,0,1
460,1,1,0,0,0,1,2,0
309,0,1,0,0,0,0,2,0
405,0,1,0,0,1,0,0,0
273,1,0,1,0,0,1,2,1
489,1,0,1,0,1,1,0,1
183,0,1,0,0,1,0,0,0
462,0,0,1,0,0,0,2,1
44,0,0,1,0,1,0,0,1
251,1,0,1,0,1,1,0,1
353,1,0,1,1,0,1,1,1
247,1,1,0,0,1,1,0,0
408,0,1,0,1,0,0,1,0
343,1,0,1,0,1,1,0,1
347,0,0,1,1,0,0,1,1
454,1,0,0,0,1,1,0,2
399,0,0,0,0,0,0,2,2
379,1,0,1,0,1,1,0,1
270,1,1,0,0,1,1,0,0
397,1,0,1,0,1,1,0,1
452,0,0,1,1,0,0,1,1
105,0,1,0,0,0,0,2,0
297,1,0,1,1,0,1,1,1
249,1,0,1,0,1,1,0,1
508,1,0,1,0,1,1,0,1
427,1,0,1,1,0,1,1,1
345,1,0,1,0,1,1,0,1
316,0,0,1,1,0,0,1,1
506,1,0,1,0,0,1,2,1
322,0,0,1,0,0,0,2,1
264,1,0,1,0,1,1,0,1
332,1,0,1,1,0,1,1,1
294,1,0,1,0,0,1,2,1
478,1,0,1,0,0,1,2,1
542,1,0,1,0,1,1,0,1
325,1,0,1,0,1,1,0,1
290,1,0,1,1,0,1,1,1
440,1,0,0,0,1,1,0,2
366,1,0,1,1,0,1,1,1
164,1,0,1,0,1,1,0,1
390,1,0,1,1,0,1,1,1
418,1,0,1,0,1,1,0,1
451,0,0,1,0,0,0,2,1
387,1,0,1,0,1,1,0,1
326,1,0,1,0,0,1,2,1
246,1,0,1,0,1,1,0,1
270,1,0,1,0,1,1,0,1
716,1,0,1,0,0,1,2,1
340,1,0,1,0,0,1,2,1
393,1,0,1,0,0,1,2,1
352,1,0,1,0,1,1,0,1
135,1,0,1,0,1,1,0,1
497,1,0,1,1,0,1,1,1
444,1,0,1,0,1,1,0,1
277,1,0,1,0,1,1,0,1
350,0,0,1,0,1,0,0,1
311,1,0,1,0,1,1,0,1
286,1,0,1,0,0,1,2,1
474,1,0,1,1,0,1,1,1
317,1,0,1,1,0,1,1,1
360,1,0,1,0,1,1,0,1
49,1,0,1,1,0,1,1,1
348,0,0,1,1,0,0,1,1
217,1,0,1,0,1,1,0,1
406,1,0,1,1,0,1,1,1
121,0,0,1,0,0,0,2,1
831,1,0,1,0,0,1,2,1
388,1,0,1,1,0,1,1,1
191,0,0,1,0,1,0,0,1
486,1,0,1,0,1,1,0,1
92,0,0,1,0,1,0,0,1
488,1,0,1,1,0,1,1,1
218,1,0,0,0,1,1,0,2
227,1,0,1,0,1,1,0,1
126,1,1,0,0,1,1,0,0
403,0,0,0,1,0,0,1,2
209,1,0,1,0,0,1,2,1
341,1,0,1,1,0,1,1,1
123,1,0,1,1,0,1,1,1
255,1,1,0,0,0,1,2,0
158,1,1,0,0,1,1,0,0
391,1,0,1,0,1,1,0,1
418,1,0,1,0,1,1,0,1
69,1,0,1,0,1,1,0,1
416,1,0,1,0,1,1,0,1
386,1,0,1,0,1,1,0,1
413,0,0,1,0,0,0,2,1
305,1,0,1,1,0,1,1,1
322,1,0,1,0,1,1,0,1
330,1,0,1,1,0,1,1,1
202,0,0,1,1,0,0,1,1
798,1,0,1,0,1,1,0,1
180,1,0,1,0,1,1,0,1
442,0,0,1,0,1,0,0,1
538,1,0,1,0,1,1,0,1
249,1,0,1,0,1,1,0,1
498,0,1,0,0,1,0,0,0
320,1,0,1,0,1,1,0,1
171,1,0,1,0,0,1,2,1
434,0,0,1,0,0,0,2,1
152,1,0,1,0,0,1,2,1
83,0,0,1,0,0,0,2,1
337,1,0,1,0,1,1,0,1
48,1,0,1,0,1,1,0,1
251,0,0,1,0,1,0,0,1
289,1,0,1,0,1,1,0,1
199,0,0,1,0,1,0,0,1
48,1,0,1,0,1,1,0,1
453,0,0,1,0,0,0,2,1
212,1,1,0,1,0,1,1,0
325,0,0,1,0,1,0,0,1
416,0,0,1,0,1,0,0,1
410,1,0,1,1,0,1,1,1
372,1,1,0,0,1,1,0,0
364,0,0,1,0,1,0,0,1
154,0,1,0,1,0,0,1,0
226,0,0,0,0,1,0,0,2
389,0,0,1,0,1,0,0,1
381,1,0,1,0,1,1,0,1
842,1,0,1,0,0,1,2,1
87,1,0,1,0,0,1,2,1
333,1,0,1,0,1,1,0,1
418,0,1,0,0,1,0,0,0
104,0,0,0,0,1,0,0,2
506,0,0,1,1,0,0,1,1
454,0,1,0,0,0,0,2,0
452,1,0,1,0,1,1,0,1
835,1,1,0,0,0,1,2,0
353,0,0,1,0,0,0,2,1
472,1,0,0,0,1,1,0,2
379,0,0,1,0,0,0,2,1
127,1,0,1,0,1,1,0,1
217,1,0,1,1,0,1,1,1
389,0,0,1,0,1,0,0,1
417,1,0,1,0,0,1,2,1
378,1,0,1,0,1,1,0,1
97,1,1,0,0,1,1,0,0
456,0,0,1,0,1,0,0,1
471,1,0,1,0,0,1,2,1
56,1,1,0,0,1,1,0,0
50,0,0,1,0,1,0,0,1
591,1,0,1,0,0,1,2,1
379,1,0,1,0,0,1,2,1
499,1,0,1,1,0,1,1,1
596,1,0,1,1,0,1,1,1
333,0,0,0,1,0,0,1,2
480,1,0,1,0,1,1,0,1
128,1,0,1,0,1,1,0,1
497,1,1,0,0,1,1,0,0
131,1,0,1,0,0,1,2,1
238,1,0,1,1,0,1,1,1
406,1,0,1,0,1,1,0,1
191,0,0,1,1,0,0,1,1
245,1,0,1,0,0,1,2,1
409,1,0,1,0,1,1,0,1
391,1,0,1,0,0,1,2,1
388,0,0,1,0,1,0,0,1
512,1,0,1,0,0,1,2,1
53,1,0,1,0,0,1,2,1
278,1,0,1,0,0,1,2,1
487,1,1,0,0,0,1,2,0
203,1,0,1,0,1,1,0,1
281,1,0,1,1,0,1,1,1
516,1,0,1,0,1,1,0,1
619,1,0,1,0,0,1,2,1
108,1,0,1,0,1,1,0,1
672,0,0,1,1,0,0,1,1
394,1,0,1,0,1,1,0,1
357,1,0,1,1,0,1,1,1
382,1,1,0,0,1,1,0,0
120,0,0,1,0,1,0,0,1
209,1,0,1,0,1,1,0,1
357,1,0,1,0,1,1,0,1
439,1,0,1,0,1,1,0,1
199,1,1,0,0,0,1,2,0
285,1,0,1,0,1,1,0,1
380,1,0,1,0,1,1,0,1
228,1,0,1,0,1,1,0,1
735,1,0,1,0,1,1,0,1
340,1,1,0,0,1,1,0,0
253,0,0,1,1,0,0,1,1
95,0,0,1,0,0,0,2,1
516,0,0,1,0,1,0,0,1
392,1,0,1,1,0,1,1,1
255,0,0,1,0,1,0,0,1
276,1,0,1,0,0,1,2,1
452,1,0,1,0,0,1,2,1
189,0,0,1,0,1,0,0,1
284,1,0,1,1,0,1,1,1
36,1,0,1,1,0,1,1,1
340,1,0,1,0,1,1,0,1
381,1,0,1,0,1,1,0,1
60,0,0,1,0,1,0,0,1
431,1,0,0,0,1,1,0,2
92,1,0,1,0,1,1,0,1
432,0,0,1,0,1,0,0,1
162,0,0,1,0,1,0,0,1
42,1,0,1,1,0,1,1,1
449,1,0,0,0,1,1,0,2
229,1,0,1,0,0,1,2,1
60,0,0,1,0,1,0,0,1
204,1,0,1,0,1,1,0,1
417,1,0,1,0,1,1,0,1
416,0,0,1,0,1,0,0,1
454,0,0,1,0,0,0,2,1
177,0,0,1,0,0,0,2,1
406,1,0,1,0,1,1,0,1
122,1,0,1,0,1,1,0,1
294,0,1,0,1,0,0,1,0
262,0,1,0,0,0,0,2,0
225,0,0,1,0,1,0,0,1
287,1,0,1,0,0,1,2,1
412,1,0,1,0,1,1,0,1
515,1,0,1,0,0,1,2,1
922,1,0,1,1,0,1,1,1
349,1,0,1,1,0,1,1,1
303,0,0,1,1,0,0,1,1
261,1,0,1,0,1,1,0,1
50,1,0,1,0,1,1,0,1
266,1,0,1,0,0,1,2,1
195,0,0,1,0,1,0,0,1
441,1,0,1,0,1,1,0,1
103,1,1,0,0,0,1,2,0
389,1,0,1,0,1,1,0,1
274,0,0,1,0,1,0,0,1
186,0,0,1,0,1,0,0,1
502,1,0,1,0,1,1,0,1
292,0,0,0,0,1,0,0,2
835,1,0,1,1,0,1,1,1
463,0,0,1,0,0,0,2,1
171,0,0,1,0,1,0,0,1
338,1,0,1,0,1,1,0,1
500,0,0,1,0,1,0,0,1
148,1,0,1,1,0,1,1,1
278,1,0,1,0,0,1,2,1
398,1,0,1,1,0,1,1,1
142,0,0,1,0,0,0,2,1
401,1,0,1,0,1,1,0,1
137,1,0,0,1,0,1,1,2
434,0,0,1,1,0,0,1,1
381,1,0,1,1,0,1,1,1
476,1,0,1,0,1,1,0,1
346,0,0,1,0,1,0,0,1
469,1,0,1,1,0,1,1,1
373,0,0,1,0,0,0,2,1
473,1,0,1,0,1,1,0,1
138,1,0,1,0,1,1,0,1
303,1,0,1,1,0,1,1,1
334,1,0,1,0,0,1,2,1
443,1,0,1,0,1,1,0,1
57,1,0,1,0,0,1,2,1
308,1,0,1,0,0,1,2,1
413,0,0,1,0,0,0,2,1
569,1,0,1,0,1,1,0,1
240,1,0,1,0,1,1,0,1
333,0,0,1,0,0,0,2,1
121,1,1,0,0,0,1,2,0
237,1,0,1,0,1,1,0,1
346,1,0,1,0,1,1,0,1
366,1,0,1,0,1,1,0,1
341,1,0,1,0,1,1,0,1
392,1,0,1,0,0,1,2,1
344,1,0,1,0,1,1,0,1
113,0,0,1,0,1,0,0,1
338,1,0,1,0,1,1,0,1
77,1,0,1,0,1,1,0,1
404,0,1,0,1,0,0,1,0
424,1,0,1,0,1,1,0,1
437,0,1,0,1,0,0,1,0
567,1,0,1,0,1,1,0,1
249,0,0,1,1,0,0,1,1
328,1,0,1,0,1,1,0,1
291,1,0,1,0,1,1,0,1
146,1,0,1,0,0,1,2,1
243,1,0,1,0,1,1,0,1
329,1,0,1,1,0,1,1,1
465,1,0,1,0,1,1,0,1
378,0,0,1,0,1,0,0,1
76,0,0,1,1,0,0,1,1
457,0,0,1,0,0,0,2,1
144,1,0,1,0,1,1,0,1
218,1,0,1,0,1,1,0,1
214,0,0,1,0,1,0,0,1
382,0,0,1,0,0,0,2,1
237,0,0,1,0,0,0,2,1
468,0,0,1,0,0,0,2,1
456,0,0,1,1,0,0,1,1
373,1,0,1,1,0,1,1,1
450,1,1,0,0,1,1,0,0
565,1,0,1,0,0,1,2,1
390,1,0,1,0,1,1,0,1
301,1,0,1,1,0,1,1,1
79,0,0,1,0,1,0,0,1
431,0,0,1,1,0,0,1,1
440,1,0,1,0,1,1,0,1
384,0,1,0,0,1,0,0,0
334,0,0,1,0,1,0,0,1
457,0,0,1,0,1,0,0,1
393,1,1,0,0,1,1,0,0
509,0,0,1,1,0,0,1,1
341,1,0,1,0,0,1,2,1
590,0,0,1,0,1,0,0,1
264,0,0,1,0,1,0,0,1
472,0,0,1,0,1,0,0,1
236,1,0,1,0,1,1,0,1
342,1,0,1,0,1,1,0,1
444,0,0,1,0,1,0,0,1
312,1,0,1,0,0,1,2,1
675,0,0,1,1,0,0,1,1
409,1,0,1,0,1,1,0,1
148,1,0,1,0,1,1,0,1
462,0,0,1,0,0,0,2,1
550,1,0,1,0,1,1,0,1
358,0,0,1,0,1,0,0,1
269,1,0,1,0,0,1,2,1
219,0,0,1,0,1,0,0,1
387,1,0,1,0,1,1,0,1
191,1,1,0,0,1,1,0,0
597,1,0,1,0,0,1,2,1
60,0,0,0,0,0,0,2,2
259,0,1,0,0,1,0,0,0
435,1,1,0,0,0,1,2,0
509,1,0,1,0,1,1,0,1
55,1,0,1,0,1,1,0,1
266,1,0,1,0,1,1,0,1
430,1,0,1,1,0,1,1,1
463,0,0,1,0,1,0,0,1
398,1,1,0,0,0,1,2,0
529,1,0,1,0,1,1,0,1
419,1,0,1,0,1,1,0,1
491,1,0,1,0,1,1,0,1
354,1,0,1,0,1,1,0,1
387,0,0,1,0,1,0,0,1
252,1,0,1,0,1,1,0,1
365,1,0,0,1,0,1,1,2
110,1,0,1,1,0,1,1,1
457,1,1,0,1,0,1,1,0
422,1,0,1,0,0,1,2,1
353,1,0,1,0,0,1,2,1
441,1,0,1,0,1,1,0,1
299,1,1,0,0,1,1,0,0
353,1,0,1,1,0,1,1,1
406,1,0,1,1,0,1,1,1
546,0,0,1,0,0,0,2,1
240,0,0,1,0,1,0,0,1
333,1,0,1,1,0,1,1,1
251,0,0,1,0,1,0,0,1
167,1,0,1,0,1,1,0,1
183,0,0,1,0,1,0,0,1
506,0,0,0,1,0,0,1,2
119,1,0,1,1,0,1,1,1
467,1,0,1,1,0,1,1,1
253,1,0,1,0,0,1,2,1
400,1,0,0,0,1,1,0,2
323,1,1,0,1,0,1,1,0
387,0,0,1,0,1,0,0,1
484,1,0,1,0,0,1,2,1
354,1,0,1,0,1,1,0,1
445,1,0,1,0,1,1,0,1
389,1,0,0,0,0,1,2,2
459,0,0,1,0,1,0,0,1
158,0,0,0,1,0,0,1,2
270,1,0,1,1,0,1,1,1
298,1,1,0,0,0,1,2,0
436,1,0,1,0,1,1,0,1
205,1,0,1,1,0,1,1,1
294,1,0,1,0,1,1,0,1
140,1,0,1,1,0,1,1,1
450,0,0,1,0,1,0,0,1
561,0,1,0,0,1,0,0,0
100,1,0,1,1,0,1,1,1
106,1,1,0,0,0,1,2,0
36,1,0,1,0,1,1,0,1
310,1,0,1,0,1,1,0,1
459,1,0,1,0,0,1,2,1
397,1,0,1,0,1,1,0,1
385,1,0,1,0,0,1,2,1
479,0,0,1,1,0,0,1,1
548,1,1,0,0,1,1,0,0
312,1,0,1,0,1,1,0,1
257,0,0,0,0,1,0,0,2
517,0,0,1,0,1,0,0,1
472,1,0,1,0,1,1,0,1
206,1,0,1,0,1,1,0,1
395,1,0,1,0,1,1,0,1
406,0,0,1,0,0,0,2,1
381,1,0,1,0,1,1,0,1
325,0,1,0,0,1,0,0,0
433,1,0,1,0,1,1,0,1
42,1,1,0,1,0,1,1,0
268,0,1,0,0,0,0,2,0
247,1,1,0,1,0,1,1,0
350,0,0,1,1,0,0,1,1
254,1,0,1,0,1,1,0,1
97,1,0,1,0,1,1,0,1
469,1,0,1,0,0,1,2,1
458,0,0,1,0,0,0,2,1
445,1,1,0,0,1,1,0,0
490,1,0,1,1,0,1,1,1
462,1,0,1,0,1,1,0,1
544,1,0,1,0,1,1,0,1
225,1,0,1,0,0,1,2,1
574,1,0,1,0,0,1,2,1
109,1,0,1,1,0,1,1,1
476,1,1,0,0,1,1,0,0
269,1,0,1,0,1,1,0,1
346,1,0,1,0,1,1,0,1
142,0,0,1,0,1,0,0,1
209,0,1,0,1,0,0,1,0
43,1,0,1,0,1,1,0,1
29,0,0,1,0,1,0,0,1
396,1,0,1,1,0,1,1,1
353,1,1,0,0,1,1,0,0
372,0,0,1,0,0,0,2,1
621,0,0,1,0,0,0,2,1
324,1,0,1,0,1,1,0,1
356,1,0,1,1,0,1,1,1
390,1,0,1,0,1,1,0,1
575,1,0,1,0,1,1,0,1
86,1,0,1,0,1,1,0,1
431,1,1,0,1,0,1,1,0
242,0,0,1,0,1,0,0,1
91,0,0,1,1,0,0,1,1
353,1,0,1,0,1,1,0,1
381,0,0,1,0,0,0,2,1
401,1,0,1,0,1,1,0,1
361,0,0,1,0,0,0,2,1
65,1,0,1,0,1,1,0,1
98,1,0,0,0,1,1,0,2
317,1,0,1,0,1,1,0,1
401,1,0,1,1,0,1,1,1
477,0,0,1,1,0,0,1,1
335,1,0,1,1,0,1,1,1
227,1,0,1,0,1,1,0,1
431,1,0,0,0,1,1,0,2
333,0,0,1,0,1,0,0,1
351,1,0,1,0,1,1,0,1
155,1,0,1,0,1,1,0,1
301,0,0,1,0,0,0,2,1
414,1,0,1,1,0,1,1,1
216,1,1,0,0,1,1,0,0
255,1,0,1,0,1,1,0,1
208,0,0,1,0,1,0,0,1
434,1,0,0,0,1,1,0,2
407,1,0,1,0,1,1,0,1
353,1,0,1,0,1,1,0,1
414,1,0,1,0,1,1,0,1
41,0,0,1,0,1,0,0,1
532,0,1,0,0,1,0,0,0
348,0,0,1,0,0,0,2,1
66,1,1,0,1,0,1,1,0
260,0,1,0,0,1,0,0,0
525,1,0,1,0,1,1,0,1
520,0,0,0,0,1,0,0,2
285,0,0,1,0,1,0,0,1
222,1,0,1,0,0,1,2,1
233,1,0,1,0,1,1,0,1
262,0,1,0,0,1,0,0,0
53,0,0,1,0,1,0,0,1
394,1,0,0,0,0,1,2,2
564,1,0,1,1,0,1,1,1
99,1,1,0,0,0,1,2,0
331,0,0,1,0,0,0,2,1
296,0,0,1,0,1,0,0,1
208,0,0,0,0,1,0,0,2
537,1,0,0,0,1,1,0,2
407,1,0,1,0,1,1,0,1
405,1,0,1,1,0,1,1,1
351,1,0,1,0,1,1,0,1
138,1,0,1,0,1,1,0,1
59,1,0,1,0,0,1,2,1
479,1,0,1,1,0,1,1,1
294,1,0,1,0,1,1,0,1
402,0,1,0,0,1,0,0,0
108,1,0,1,0,1,1,0,1
56,0,0,0,0,1,0,0,2
444,1,0,1,0,1,1,0,1
411,0,1,0,1,0,0,1,0
381,1,0,1,0,0,1,2,1
448,0,1,0,0,1,0,0,0
88,1,0,1,1,0,1,1,1
103,0,0,1,1,0,0,1,1
246,0,0,1,0,1,0,0,1
531,1,0,1,0,0,1,2,1
510,1,1,0,1,0,1,1,0
441,1,0,1,1,0,1,1,1
557,1,0,1,0,1,1,0,1
135,1,0,1,0,1,1,0,1
434,0,1,0,0,1,0,0,0
500,1,0,1,1,0,1,1,1
475,1,0,1,0,0,1,2,1
124,1,0,0,0,1,1,0,2
250,1,0,1,0,1,1,0,1
405,1,0,1,0,1,1,0,1
567,1,1,0,0,1,1,0,0
389,1,0,1,0,1,1,0,1
350,1,0,1,0,1,1,0,1
412,1,0,1,0,0,1,2,1
511,1,0,1,0,1,1,0,1
210,0,0,1,0,1,0,0,1
410,1,0,1,0,0,1,2,1
432,1,0,1,0,1,1,0,1
848,1,0,1,0,1,1,0,1
419,1,0,1,1,0,1,1,1
143,1,1,0,0,0,1,2,0
412,1,0,1,0,0,1,2,1
260,0,0,1,0,0,0,2,1
39,1,0,1,1,0,1,1,1
351,1,0,1,1,0,1,1,1
534,1,0,1,0,1,1,0,1
326,1,0,1,0,0,1,2,1
216,1,0,1,0,1,1,0,1
445,1,0,0,0,1,1,0,2
438,1,0,1,0,1,1,0,1
342,1,0,1,0,1,1,0,1
107,0,0,1,0,0,0,2,1
165,0,0,1,0,1,0,0,1
370,1,0,1,0,1,1,0,1
321,1,0,1,0,1,1,0,1
209,1,0,1,0,1,1,0,1
390,1,0,1,0,1,1,0,1
411,1,0,1,0,1,1,0,1
440,1,0,1,0,1,1,0,1
215,1,0,1,1,0,1,1,1
436,1,0,1,0,1,1,0,1
414,1,1,0,0,1,1,0,0
66,1,0,1,0,0,1,2,1
222,1,0,1,0,1,1,0,1
326,1,0,1,1,0,1,1,1
531,1,0,1,0,1,1,0,1
364,0,0,1,0,1,0,0,1
466,1,0,1,0,1,1,0,1
284,1,0,1,0,1,1,0,1
487,1,0,1,0,1,1,0,1
357,1,0,1,0,0,1,2,1
362,1,0,1,0,1,1,0,1
315,1,1,0,0,0,1,2,0
397,1,0,1,0,1,1,0,1
309,0,0,1,0,1,0,0,1
167,0,0,1,0,1,0,0,1
363,1,0,1,1,0,1,1,1
340,0,0,1,1,0,0,1,1
458,1,0,1,0,1,1,0,1
224,0,0,0,1,0,0,1,2
33,1,1,0,0,0,1,2,0
335,0,0,1,0,1,0,0,1
560,1,0,0,0,1,1,0,2
264,0,0,1,0,1,0,0,1
342,1,0,1,0,0,1,2,1
631,1,0,1,0,0,1,2,1
650,0,1,0,0,0,0,2,0
74,1,0,1,0,1,1,0,1
393,0,0,1,0,1,0,0,1
275,1,0,1,0,1,1,0,1
386,0,0,1,0,1,0,0,1
393,1,0,1,0,1,1,0,1
326,1,0,1,0,0,1,2,1
509,1,0,1,0,1,1,0,1
348,1,1,0,1,0,1,1,0
434,1,0,1,0,0,1,2,1
77,1,0,1,0,1,1,0,1
493,1,0,1,0,1,1,0,1
405,0,0,1,1,0,0,1,1
217,0,0,1,1,0,0,1,1
424,0,0,1,0,1,0,0,1
462,1,1,0,0,0,1,2,0
355,1,0,1,0,0,1,2,1
172,0,0,1,0,1,0,0,1
448,1,0,1,0,1,1,0,1
422,0,0,1,0,1,0,0,1
221,0,0,1,0,0,0,2,1
327,1,0,1,1,0,1,1,1
335,1,0,1,0,1,1,0,1
426,0,0,1,0,0,0,2,1
48,1,0,1,0,1,1,0,1
419,1,0,1,0,0,1,2,1
446,1,0,1,0,1,1,0,1
595,0,0,1,0,1,0,0,1
312,1,0,1,0,0,1,2,1
361,1,0,0,0,1,1,0,2
297,1,0,1,0,1,1,0,1
334,1,0,1,0,1,1,0,1
274,0,0,1,0,1,0,0,1
228,1,0,0,0,1,1,0,2
690,1,0,1,1,0,1,1,1
243,1,0,1,0,1,1,0,1
162,0,0,1,0,1,0,0,1
58,1,0,1,0,1,1,0,1
864,1,0,1,1,0,1,1,1
229,1,0,1,0,0,1,2,1
27,1,0,1,0,1,1,0,1
468,1,0,1,1,0,1,1,1
268,0,1,0,1,0,0,1,0
449,1,0,1,0,1,1,0,1
514,1,1,0,0,1,1,0,0
282,1,0,1,0,1,1,0,1
452,1,0,1,0,1,1,0,1
524,0,0,1,0,1,0,0,1
241,1,0,1,0,1,1,0,1
420,1,1,0,0,1,1,0,0
227,0,0,1,0,1,0,0,1
607,0,1,0,0,1,0,0,0
286,0,0,1,0,1,0,0,1
321,1,0,1,0,0,1,2,1
393,0,0,1,0,0,0,2,1
254,0,0,0,0,1,0,0,2
265,1,1,0,1,0,1,1,0
410,0,0,0,0,1,0,0,2
188,1,1,0,0,1,1,0,0
393,1,0,1,0,1,1,0,1
416,1,0,1,0,1,1,0,1
455,1,0,1,0,1,1,0,1
234,1,0,1,0,1,1,0,1
265,1,0,1,0,1,1,0,1
345,0,0,0,1,0,0,1,2
202,1,0,1,1,0,1,1,1
85,1,0,1,0,1,1,0,1
258,1,0,1,1,0,1,1,1
324,1,0,1,0,0,1,2,1
440,1,0,1,0,1,1,0,1
263,1,0,1,0,1,1,0,1
183,1,0,1,1,0,1,1,1
269,1,0,1,0,1,1,0,1
199,1,0,1,0,1,1,0,1
309,0,1,0,0,0,0,2,0
181,0,0,1,0,1,0,0,1
332,0,0,0,1,0,0,1,2
491,1,0,1,0,1,1,0,1
914,1,0,1,0,1,1,0,1
461,0,0,1,0,0,0,2,1
489,1,0,1,0,0,1,2,1
283,0,0,1,0,0,0,2,1
391,0,1,0,1,0,0,1,0
276,0,0,1,0,1,0,0,1
420,1,0,1,0,0,1,2,1
73,1,0,1,0,1,1,0,1
398,1,1,0,0,1,1,0,0
385,0,1,0,0,0,0,2,0
725,1,0,1,0,1,1,0,1
220,1,0,1,0,0,1,2,1
224,0,0,1,1,0,0,1,1
491,1,0,1,0,1,1,0,1
311,1,0,1,0,1,1,0,1
359,1,0,1,0,1,1,0,1
429,1,0,1,0,1,1,0,1
146,0,0,1,1,0,0,1,1
555,1,0,1,0,1,1,0,1
72,1,0,1,0,0,1,2,1
321,0,0,1,1,0,0,1,1
229,1,0,1,1,0,1,1,1
355,0,0,1,0,1,0,0,1
240,1,0,1,0,1,1,0,1
229,1,0,1,0,1,1,0,1
481,1,0,1,1,0,1,1,1
305,1,0,1,0,0,1,2,1
372,1,1,0,0,1,1,0,0
282,1,1,0,0,1,1,0,0
370,1,1,0,1,0,1,1,0
469,1,0,1,0,1,1,0,1
468,0,0,1,0,0,0,2,1
500,1,0,1,1,0,1,1,1
329,0,0,1,0,1,0,0,1
406,1,0,1,0,1,1,0,1
435,1,0,1,0,1,1,0,1
374,1,0,1,0,1,1,0,1
398,1,0,1,0,1,1,0,1
33,1,0,1,0,0,1,2,1
461,1,0,1,1,0,1,1,1
389,1,1,0,0,1,1,0,0
401,1,0,1,0,1,1,0,1
333,1,0,1,0,1,1,0,1
237,1,0,1,0,0,1,2,1
89,1,0,1,0,1,1,0,1
248,1,0,1,0,1,1,0,1
82,0,0,1,0,1,0,0,1
255,0,0,1,0,1,0,0,1
500,0,0,1,0,1,0,0,1
348,1,0,1,0,1,1,0,1
315,1,0,1,0,1,1,0,1
416,0,0,1,0,1,0,0,1
411,0,0,1,0,1,0,0,1
51,0,0,1,1,0,0,1,1
31,1,0,1,0,1,1,0,1
274,1,0,1,0,1,1,0,1
370,1,0,1,0,1,1,0,1
314,0,0,1,0,1,0,0,1
461,1,0,1,1,0,1,1,1
52,1,0,1,0,1,1,0,1
352,1,0,1,1,0,1,1,1
356,1,0,1,0,1,1,0,1
333,1,0,1,0,0,1,2,1
378,1,0,1,1,0,1,1,1
365,0,0,0,0,1,0,0,2
321,1,0,1,0,1,1,0,1
388,1,0,1,0,1,1,0,1
388,0,0,1,1,0,0,1,1
370,1,0,1,0,0,1,2,1
394,0,0,1,0,1,0,0,1
52,0,0,1,0,1,0,0,1
339,1,0,0,0,0,1,2,2
287,1,0,1,1,0,1,1,1
347,1,0,1,1,0,1,1,1
136,1,1,0,0,0,1,2,0
562,0,0,1,0,1,0,0,1
313,0,1,0,0,0,0,2,0
286,1,0,1,0,1,1,0,1
445,1,0,1,0,0,1,2,1
330,1,0,1,0,0,1,2,1
365,1,0,1,0,1,1,0,1
33,1,1,0,0,1,1,0,0
238,0,0,1,0,1,0,0,1
48,0,0,1,0,1,0,0,1
444,0,0,1,1,0,0,1,1
378,1,0,1,0,1,1,0,1
62,0,0,1,0,1,0,0,1
405,1,0,1,0,1,1,0,1
402,1,0,1,1,0,1,1,1
389,1,0,1,0,1,1,0,1
482,1,0,1,1,0,1,1,1
303,1,0,1,1,0,1,1,1
457,0,1,0,1,0,0,1,0
246,0,0,1,0,1,0,0,1
417,1,0,1,0,0,1,2,1
84,1,0,1,0,0,1,2,1
337,1,0,1,0,1,1,0,1
516,0,0,1,0,1,0,0,1
428,1,0,1,0,1,1,0,1
158,1,1,0,0,1,1,0,0
256,0,0,1,0,0,0,2,1
51,0,0,1,0,1,0,0,1
523,1,0,1,0,1,1,0,1
92,1,0,1,1,0,1,1,1
268,1,0,1,0,1,1,0,1
467,0,0,1,0,0,0,2,1
298,1,0,1,0,0,1,2,1
260,1,0,1,0,0,1,2,1
283,1,0,1,0,1,1,0,1
441,1,0,1,0,0,1,2,1
240,1,0,1,0,1,1,0,1
217,1,0,1,0,1,1,0,1
304,0,1,0,0,1,0,0,0
396,1,0,1,1,0,1,1,1
86,1,0,1,1,0,1,1,1
357,0,0,1,1,0,0,1,1
393,1,0,1,1,0,1,1,1
40,1,0,1,1,0,1,1,1
461,0,0,1,1,0,0,1,1
386,1,0,1,0,0,1,2,1
251,1,0,1,0,1,1,0,1
39,1,1,0,0,0,1,2,0
414,1,0,1,0,1,1,0,1
412,1,0,1,0,1,1,0,1
336,1,0,1,1,0,1,1,1
372,0,0,1,0,0,0,2,1
84,1,0,1,0,1,1,0,1
413,1,0,1,0,1,1,0,1
344,0,0,1,0,1,0,0,1
342,0,0,1,1,0,0,1,1
218,1,0,1,0,1,1,0,1
168,1,0,1,0,0,1,2,1
80,0,0,1,0,0,0,2,1
268,1,0,1,1,0,1,1,1
465,0,0,1,0,1,0,0,1
323,0,0,1,0,1,0,0,1
390,1,0,1,1,0,1,1,1
250,1,0,0,0,1,1,0,2
56,1,0,1,0,0,1,2,1
462,0,0,1,0,1,0,0,1
422,1,1,0,1,0,1,1,0
117,0,0,1,0,1,0,0,1
361,0,0,1,1,0,0,1,1
183,1,0,1,0,1,1,0,1
262,0,0,1,1,0,0,1,1
228,1,0,1,0,1,1,0,1
379,1,0,1,1,0,1,1,1
144,1,0,1,0,1,1,0,1
352,0,0,1,1,0,0,1,1
373,1,0,1,1,0,1,1,1
189,1,0,1,1,0,1,1,1
419,0,0,1,1,0,0,1,1
350,1,1,0,0,1,1,0,0
430,1,1,0,0,0,1,2,0
464,1,0,1,0,0,1,2,1
313,0,0,1,0,1,0,0,1
367,1,0,1,1,0,1,1,1
419,1,0,1,0,1,1,0,1
612,1,0,1,0,0,1,2,1
54,1,1,0,0,0,1,2,0
375,1,1,0,0,1,1,0,0
418,1,0,1,0,0,1,2,1
248,0,0,1,0,0,0,2,1
423,1,0,1,0,1,1,0,1
406,1,0,1,0,1,1,0,1
505,1,0,1,0,1,1,0,1
221,1,0,1,0,1,1,0,1
312,0,0,1,0,1,0,0,1
208,1,0,1,0,1,1,0,1
287,0,1,0,0,1,0,0,0
468,1,0,1,0,1,1,0,1
495,1,0,1,0,1,1,0,1
415,1,0,0,1,0,1,1,2
621,1,0,1,0,1,1,0,1
446,1,0,1,1,0,1,1,1
655,1,0,1,0,1,1,0,1
347,1,0,1,1,0,1,1,1
182,1,0,1,0,0,1,2,1
39,1,1,0,1,0,1,1,0
545,1,0,0,0,0,1,2,2
456,1,0,0,1,0,1,1,2
209,0,0,1,0,0,0,2,1
236,1,0,1,1,0,1,1,1
359,1,0,1,0,1,1,0,1
77,1,0,1,0,1,1,0,1
602,0,0,1,0,1,0,0,1
892,1,0,1,0,1,1,0,1
42,1,0,1,0,1,1,0,1
818,1,1,0,1,0,1,1,0
416,0,0,1,0,0,0,2,1
99,1,1,0,0,1,1,0,0
462,1,0,1,0,1,1,0,1
346,1,0,1,0,0,1,2,1
399,1,1,0,0,1,1,0,0
54,1,0,1,1,0,1,1,1
575,1,0,1,0,1,1,0,1
349,1,0,1,0,0,1,2,1
239,1,0,1,0,1,1,0,1
477,0,0,1,0,1,0,0,1
555,1,0,1,0,0,1,2,1
391,1,0,1,0,1,1,0,1
525,1,0,1,0,0,1,2,1
233,1,1,0,0,1,1,0,0
226,1,0,1,1,0,1,1,1
222,1,1,0,0,1,1,0,0
440,1,1,0,0,1,1,0,0
331,0,0,1,1,0,0,1,1
530,1,0,1,1,0,1,1,1
754,1,0,1,0,1,1,0,1
900,1,0,1,1,0,1,1,1
442,1,0,1,0,1,1,0,1
248,1,0,1,0,1,1,0,1
250,1,0,1,1,0,1,1,1
494,1,1,0,0,1,1,0,0
279,0,0,1,0,1,0,0,1
86,1,0,1,0,1,1,0,1
411,1,0,1,0,1,1,0,1
433,1,0,1,0,0,1,2,1
478,1,0,1,0,1,1,0,1
45,1,1,0,0,1,1,0,0
310,1,0,1,0,1,1,0,1
144,1,0,1,1,0,1,1,1
239,1,0,1,1,0,1,1,1
323,1,0,1,1,0,1,1,1
828,1,0,0,0,0,1,2,2
300,1,0,1,0,1,1,0,1
311,0,0,1,1,0,0,1,1
241,1,0,1,0,1,1,0,1
452,1,0,1,0,1,1,0,1
531,1,0,1,0,1,1,0,1
278,0,0,1,0,1,0,0,1
384,1,0,1,1,0,1,1,1
493,1,0,1,0,0,1,2,1
397,1,0,1,0,0,1,2,1
435,1,0,1,0,0,1,2,1
367,1,0,1,0,1,1,0,1
327,0,0,1,0,0,0,2,1
133,1,0,1,0,1,1,0,1
377,1,0,1,0,1,1,0,1
227,0,0,1,0,1,0,0,1
176,1,0,1,0,1,1,0,1
262,1,0,1,0,0,1,2,1
533,1,0,1,0,1,1,0,1
413,0,0,1,0,1,0,0,1
466,1,0,1,0,1,1,0,1
457,1,0,1,0,0,1,2,1
286,1,1,0,0,0,1,2,0
180,0,0,1,0,0,0,2,1
305,0,0,1,1,0,0,1,1
473,1,0,1,1,0,1,1,1
268,0,0,1,0,0,0,2,1
202,0,0,1,0,1,0,0,1
140,1,0,1,0,1,1,0,1
130,1,0,1,0,1,1,0,1
347,0,1,0,0,1,0,0,0
276,0,0,1,0,1,0,0,1
272,1,0,1,0,0,1,2,1
358,0,0,1,0,1,0,0,1
241,1,1,0,0,0,1,2,0
436,1,0,1,1,0,1,1,1
418,1,1,0,0,1,1,0,0
350,0,0,1,0,1,0,0,1
175,1,0,0,0,1,1,0,2
135,1,0,1,0,1,1,0,1
248,1,0,1,0,0,1,2,1
416,0,0,1,1,0,0,1,1
201,1,0,1,0,0,1,2,1
271,1,0,1,0,0,1,2,1
328,1,0,1,0,1,1,0,1
436,0,0,1,0,0,0,2,1
145,1,0,1,0,1,1,0,1
254,1,0,1,0,0,1,2,1
362,1,0,1,0,1,1,0,1
293,0,0,1,0,1,0,0,1
304,0,0,1,0,0,0,2,1
190,1,0,1,1,0,1,1,1
361,1,1,0,0,1,1,0,0
432,0,0,1,1,0,0,1,1
208,1,0,1,0,1,1,0,1
525,1,0,1,0,1,1,0,1
405,1,0,1,0,1,1,0,1
34,1,0,1,0,0,1,2,1
264,1,0,1,1,0,1,1,1
353,0,0,1,1,0,0,1,1
488,1,0,1,0,0,1,2,1
144,1,0,1,0,1,1,0,1
415,0,0,1,0,1,0,0,1
401,0,0,1,0,0,0,2,1
62,1,0,1,0,1,1,0,1
464,1,0,1,0,0,1,2,1
352,1,0,1,1,0,1,1,1
244,0,0,1,0,0,0,2,1
381,1,0,1,0,0,1,2,1
305,0,0,1,0,0,0,2,1
289,0,0,1,0,0,0,2,1
227,0,1,0,0,1,0,0,0
171,1,0,1,0,1,1,0,1
390,1,0,1,0,0,1,2,1
408,1,0,1,0,1,1,0,1
105,0,0,1,0,0,0,2,1
336,1,0,1,0,1,1,0,1
354,0,0,1,0,0,0,2,1
285,1,0,1,0,1,1,0,1
108,1,1,0,1,0,1,1,0
381,1,0,1,0,1,1,0,1
168,1,0,1,0,1,1,0,1
259,1,1,0,1,0,1,1,0
414,1,0,1,0,1,1,0,1
418,1,0,1,1,0,1,1,1
332,1,0,1,1,0,1,1,1
260,0,0,1,0,0,0,2,1
508,1,0,1,0,1,1,0,1
298,1,0,1,0,1,1,0,1
459,0,0,1,1,0,0,1,1
343,0,0,1,0,1,0,0,1
341,1,0,1,0,1,1,0,1
252,0,0,0,0,0,0,2,2
357,1,0,1,0,1,1,0,1
277,0,0,1,0,1,0,0,1
878,1,0,1,0,1,1,0,1
287,1,0,1,0,0,1,2,1
402,1,1,0,0,1,1,0,0
249,1,0,1,0,1,1,0,1
54,0,0,1,0,0,0,2,1
41,0,0,1,0,0,0,2,1
313,1,0,1,0,1,1,0,1
502,1,0,1,0,1,1,0,1
345,0,0,1,0,1,0,0,1
231,1,0,1,1,0,1,1,1
403,1,0,1,0,1,1,0,1
392,1,0,1,0,1,1,0,1
285,1,0,1,0,0,1,2,1
509,0,0,1,0,0,0,2,1
361,1,1,0,0,1,1,0,0
468,1,0,0,0,1,1,0,2
343,1,0,0,0,1,1,0,2
533,1,0,1,0,1,1,0,1
286,0,0,1,0,1,0,0,1
326,1,0,1,1,0,1,1,1
460,0,0,1,0,1,0,0,1
225,0,0,1,0,1,0,0,1
383,1,0,0,0,0,1,2,2
480,1,0,1,0,0,1,2,1
343,1,0,1,0,1,1,0,1
259,1,1,0,0,1,1,0,0
235,0,0,1,0,1,0,0,1
607,1,0,1,0,1,1,0,1
595,1,0,1,0,0,1,2,1
287,1,0,1,1,0,1,1,1
116,0,0,1,0,1,0,0,1
382,0,0,1,0,0,0,2,1
287,1,0,1,0,1,1,0,1
70,1,0,1,0,1,1,0,1
163,1,0,1,1,0,1,1,1
379,1,0,1,0,1,1,0,1
466,0,0,1,0,0,0,2,1
327,1,0,1,1,0,1,1,1
499,1,0,1,0,1,1,0,1
56,0,0,1,0,0,0,2,1
344,1,0,1,1,0,1,1,1
493,1,0,1,0,1,1,0,1
170,1,0,1,1,0,1,1,1
326,1,1,0,1,0,1,1,0
363,0,0,1,1,0,0,1,1
167,0,0,1,0,1,0,0,1
339,0,0,0,0,1,0,0,2
257,0,0,1,0,1,0,0,1
48,1,0,1,0,1,1,0,1
316,1,0,1,0,0,1,2,1
296,0,0,1,0,1,0,0,1
313,1,0,1,0,1,1,0,1
166,1,0,1,0,1,1,0,1
492,0,0,1,0,1,0,0,1
138,0,1,0,0,0,0,2,0
200,1,0,1,0,0,1,2,1
407,0,0,1,0,1,0,0,1
327,1,0,1,0,0,1,2,1
219,1,0,1,1,0,1,1,1
307,0,0,1,0,1,0,0,1
362,1,0,1,0,1,1,0,1
294,1,1,0,1,0,1,1,0
527,1,0,1,1,0,1,1,1
540,1,0,1,0,1,1,0,1
388,1,0,1,1,0,1,1,1
225,1,0,1,0,1,1,0,1
468,1,0,0,0,1,1,0,2
441,1,0,1,1,0,1,1,1
156,0,0,1,0,0,0,2,1
517,0,1,0,1,0,0,1,0
569,0,0,1,0,1,0,0,1
551,1,0,1,0,1,1,0,1
584,0,0,1,0,1,0,0,1
318,1,1,0,0,0,1,2,0
448,1,0,1,0,1,1,0,1
150,0,1,0,1,0,0,1,0
150,1,1,0,0,1,1,0,0
150,0,0,1,0,1,0,0,1
150,1,0,1,1,0,1,1,1
150,0,0,0,0,0,0,2,2
150,1,0,1,1,0,1,1,1
150,1,0,0,0,0,1,2,2
150,0,0,1,0,1,0,0,1
150,0,0,1,0,0,0,2,1
150,0,1,0,0,1,0,0,0
150,1,0,1,0,0,1,2,1
150,1,0,1,0,0,1,2,1
150,1,0,1,0,1,1,0,1
150,0,0,1,1,0,0,1,1
150,0,0,1,0,0,0,2,1
150,1,0,0,0,1,1,0,2
150,0,0,1,0,1,0,0,1
150,0,0,1,0,0,0,2,1
150,1,1,0,0,1,1,0,0
150,0,0,1,0,1,0,0,1
150,1,0,1,0,0,1,2,1
150,0,0,1,0,1,0,0,1
150,0,0,1,0,1,0,0,1
150,1,0,1,0,1,1,0,1
150,1,0,1,0,1,1,0,1
150,1,0,1,0,1,1,0,1
150,1,1,0,1,0,1,1,0
150,1,0,1,0,1,1,0,1
150,1,0,1,1,0,1,1,1
150,0,0,1,1,0,0,1,1
150,0,0,1,1,0,0,1,1
150,1,0,1,0,1,1,0,1
150,1,0,1,0,0,1,2,1
150,1,0,1,1,0,1,1,1
150,1,0,1,1,0,1,1,1
150,1,0,0,1,0,1,1,2
150,1,0,1,0,0,1,2,1
150,0,0,1,0,0,0,2,1
150,1,0,1,1,0,1,1,1
150,1,1,0,0,0,1,2,0
150,1,0,1,1,0,1,1,1
150,1,0,1,0,1,1,0,1
150,0,0,1,0,1,0,0,1
150,1,1,0,0,0,1,2,0
150,0,0,1,0,1,0,0,1
150,0,0,1,0,1,0,0,1
150,0,0,1,0,1,0,0,1
150,1,0,1,0,1,1,0,1
150,0,0,1,0,1,0,0,1
150,1,0,1,0,1,1,0,1
150,1,0,1,0,1,1,0,1
150,1,1,0,0,0,1,2,0
150,1,0,1,0,1,1,0,1
150,1,0,1,0,1,1,0,1
150,1,0,1,0,1,1,0,1
150,0,1,0,1,0,0,1,0
150,1,0,1,0,1,1,0,1
150,1,1,0,0,1,1,0,0
150,0,0,1,0,1,0,0,1
150,1,0,1,0,0,1,2,1
150,0,1,0,1,0,0,1,0
150,0,0,1,0,1,0,0,1
150,1,0,1,0,1,1,0,1
150,0,0,1,0,0,0,2,1
150,1,0,1,0,0,1,2,1
150,0,0,1,0,1,0,0,1
150,1,1,0,0,1,1,0,0
150,1,0,1,1,0,1,1,1
150,0,0,1,0,1,0,0,1
150,1,0,1,1,0,1,1,1
150,1,0,1,0,0,1,2,1
150,1,0,1,0,1,1,0,1
150,1,0,1,1,0,1,1,1
150,1,1,0,0,1,1,0,0
150,1,1,0,1,0,1,1,0
150,0,0,1,0,1,0,0,1
150,1,0,1,0,1,1,0,1
150,1,1,0,0,1,1,0,0
150,0,0,1,1,0,0,1,1
150,0,0,1,0,1,0,0,1
150,0,1,0,0,1,0,0,0
150,1,0,1,1,0,1,1,1
150,1,0,1,0,1,1,0,1
150,1,0,1,0,0,1,2,1
150,0,1,0,0,1,0,0,0
150,1,0,1,1,0,1,1,1
150,1,0,1,0,1,1,0,1
150,1,0,1,0,1,1,0,1
150,1,0,1,1,0,1,1,1
150,1,0,0,0,1,1,0,2
150,0,0,1,0,1,0,0,1
150,1,0,1,0,0,1,2,1
150,1,0,1,0,0,1,2,1
150,1,0,1,1,0,1,1,1
150,0,0,1,0,1,0,0,1
150,1,0,1,0,1,1,0,1
150,1,0,1,0,1,1,0,1
150,1,0,1,0,1,1,0,1
150,0,0,1,0,1,0,0,1
150,1,0,1,0,1,1,0,1
150,0,0,1,0,0,0,2,1
150,1,0,1,0,1,1,0,1
150,1,0,1,0,1,1,0,1
150,0,0,1,1,0,0,1,1
150,1,1,0,0,1,1,0,0
150,1,0,1,0,1,1,0,1
150,1,0,1,0,1,1,0,1
150,1,0,1,1,0,1,1,1
150,1,0,1,0,1,1,0,1
150,0,0,1,0,1,0,0,1
150,0,0,1,0,1,0,0,1
150,1,0,1,0,1,1,0,1
150,1,0,1,0,1,1,0,1
150,1,0,1,0,1,1,0,1
150,1,0,1,0,1,1,0,1
150,0,0,1,1,0,0,1,1
150,1,0,1,1,0,1,1,1
150,1,0,1,0,0,1,2,1
150,1,0,1,0,1,1,0,1
150,1,1,0,0,0,1,2,0
150,0,0,1,0,0,0,2,1
150,1,0,1,0,0,1,2,1
150,1,1,0,0,1,1,0,0
150,0,1,0,0,1,0,0,0
150,1,0,1,0,1,1,0,1
150,1,0,1,0,0,1,2,1
150,0,1,0,0,1,0,0,0
150,1,0,1,1,0,1,1,1
150,1,0,1,0,1,1,0,1
150,0,0,1,0,1,0,0,1
150,1,0,1,0,1,1,0,1
150,1,0,1,0,1,1,0,1
150,1,0,1,0,1,1,0,1
150,1,0,1,0,1,1,0,1
150,1,0,1,0,1,1,0,1
150,1,0,1,1,0,1,1,1
150,1,1,0,0,0,1,2,0
150,1,0,1,0,0,1,2,1
150,1,0,1,0,1,1,0,1
150,1,0,1,0,1,1,0,1
150,1,0,1,0,0,1,2,1
150,1,0,1,0,1,1,0,1
150,0,0,1,1,0,0,1,1
150,1,0,1,1,0,1,1,1
150,1,1,0,1,0,1,1,0
150,1,0,1,0,0,1,2,1
150,0,0,1,0,1,0,0,1
150,0,0,1,1,0,0,1,1
150,0,0,1,0,1,0,0,1
150,1,0,1,0,0,1,2,1
150,1,0,1,0,1,1,0,1
150,1,0,1,0,1,1,0,1
150,1,0,1,0,0,1,2,1
150,1,0,1,0,0,1,2,1
150,1,0,0,0,1,1,0,2
150,1,0,1,0,1,1,0,1
150,1,0,1,0,1,1,0,1
150,1,0,1,0,1,1,0,1
150,0,0,1,1,0,0,1,1
150,1,0,1,0,1,1,0,1
150,0,0,1,0,1,0,0,1
150,1,1,0,0,0,1,2,0
150,1,0,1,0,0,1,2,1
150,1,0,1,0,1,1,0,1
150,0,0,1,0,1,0,0,1
150,1,0,1,0,1,1,0,1
150,1,0,1,1,0,1,1,1
150,1,0,1,1,0,1,1,1
150,1,0,1,0,1,1,0,1
150,1,0,1,0,1,1,0,1
150,1,0,1,0,0,1,2,1
150,0,0,1,0,1,0,0,1
150,0,0,1,0,1,0,0,1
150,0,0,1,1,0,0,1,1
150,1,0,1,0,1,1,0,1
150,1,0,1,0,0,1,2,1
150,1,0,1,1,0,1,1,1
150,1,0,1,1,0,1,1,1
150,1,1,0,0,1,1,0,0
150,0,0,1,0,1,0,0,1
150,0,0,1,0,1,0,0,1
150,0,0,1,0,1,0,0,1
150,1,0,1,0,0,1,2,1
150,0,0,1,0,1,0,0,1
150,1,0,1,0,0,1,2,1
150,1,0,1,1,0,1,1,1
150,1,0,1,0,1,1,0,1
150,1,0,1,0,1,1,0,1
150,1,1,0,0,1,1,0,0
150,1,0,1,0,1,1,0,1
150,0,0,1,0,1,0,0,1
150,1,0,1,0,0,1,2,1
150,0,0,1,0,0,0,2,1
150,1,0,1,0,1,1,0,1
150,1,0,1,0,1,1,0,1
150,1,0,1,0,1,1,0,1
150,1,0,1,0,0,1,2,1
150,0,0,1,0,1,0,0,1
150,0,0,1,0,0,0,2,1
150,0,0,1,0,1,0,0,1
150,1,0,1,0,1,1,0,1
150,1,0,1,0,0,1,2,1
150,0,0,1,0,0,0,2,1
150,1,0,1,1,0,1,1,1
150,1,0,1,0,0,1,2,1
150,1,0,1,0,1,1,0,1
150,1,0,1,0,1,1,0,1
150,1,0,1,0,1,1,0,1
150,1,0,1,0,1,1,0,1
150,0,0,1,1,0,0,1,1
150,1,0,1,0,1,1,0,1
150,0,1,0,1,0,0,1,0
150,0,0,1,0,0,0,2,1
150,0,0,1,0,1,0,0,1
150,0,1,0,1,0,0,1,0
150,1,0,1,1,0,1,1,1
150,0,0,1,0,1,0,0,1
150,0,0,1,1,0,0,1,1
150,1,0,1,1,0,1,1,1
150,1,0,1,1,0,1,1,1
150,1,1,0,0,0,1,2,0
150,0,0,1,1,0,0,1,1
150,0,0,1,1,0,0,1,1
150,1,1,0,0,1,1,0,0
150,1,1,0,0,1,1,0,0
150,1,1,0,0,1,1,0,0
150,0,0,1,0,1,0,0,1
150,0,0,1,0,0,0,2,1
150,0,0,1,0,1,0,0,1
150,1,0,1,1,0,1,1,1
150,1,0,1,0,1,1,0,1
150,0,0,1,0,1,0,0,1
150,1,0,1,1,0,1,1,1
150,1,0,0,0,0,1,2,2
150,1,0,1,0,0,1,2,1
150,1,0,1,0,0,1,2,1
150,1,0,1,1,0,1,1,1
150,1,0,1,0,1,1,0,1
150,1,1,0,0,0,1,2,0
150,1,1,0,0,1,1,0,0
150,1,1,0,0,1,1,0,0
150,1,0,1,0,1,1,0,1
150,1,0,1,0,1,1,0,1
150,1,0,1,0,1,1,0,1
150,0,1,0,0,1,0,0,0
150,0,0,1,0,0,0,2,1
150,1,0,1,1,0,1,1,1
150,1,0,1,0,1,1,0,1
150,0,0,1,0,1,0,0,1
150,1,0,1,1,0,1,1,1
150,1,0,1,0,1,1,0,1
150,1,0,1,1,0,1,1,1
150,0,1,0,0,1,0,0,0
150,1,0,1,0,1,1,0,1
150,0,0,1,0,1,0,0,1
150,1,0,1,0,0,1,2,1
150,1,0,1,0,0,1,2,1
150,0,0,1,1,0,0,1,1
150,0,0,1,1,0,0,1,1
150,1,0,1,0,0,1,2,1
150,1,0,1,1,0,1,1,1
150,0,0,1,1,0,0,1,1
150,1,0,1,0,0,1,2,1
150,0,1,0,0,1,0,0,0
150,0,0,1,0,1,0,0,1
